3.85,5.60,3.78,4.04,5.02,3.79,4.00,,,,,,,,,,,,
5.27,6.67,5.08,5.15,6.02,5.32,5.34,,,,,,,,,,,,
4.53,4.39,4.81,4.70,4.77,4.03,4.39,,,"##?p01,04,05,06,07,10,11",,,,,,,,,
4.49,4.97,4.62,5.00,4.06,3.92,4.40,,,,,,,,,,,,
3.85,4.74,3.84,4.34,3.96,3.50,3.77,,,p01-p04:,"alpha_1 = 11.8586681190592 , alpha_2 = 64.1016327460091 , beta_1 = 0.711568798104386 , beta_2 = 0.461075887191269",,,,,,,,
2.97,5.76,4.24,3.77,3.41,3.37,3.36,,,01-05:,"alpha_1 = 10.543007755752 , alpha_2 = 67.2000585902193 , beta_1 = 0.711568798104386 , beta_2 = 0.44799740015353",,,,,,,,
4.97,5.81,4.60,4.81,5.30,4.23,4.12,,,01-07:,"alpha_1 = 11.2237634546597 , alpha_2 = 27.9979294784515 , beta_1 = 0.711568798104386 , beta_2 = 0.427364159834976",,,,,,,,
4.33,5.84,5.01,5.03,3.56,3.44,3.95,,,01-06: ,"alpha_1 = 13.6679901148008 , alpha_2 = 68.0639804450489 , beta_1 = 0.711568798104386 , beta_2 = 0.313600526319013",,,,,,,,
4.01,5.42,3.95,4.94,3.43,3.79,3.50,,,01-10:,"alpha_1 = 8.60095833846429 , alpha_2 = 63.8334123040285 , beta_1 = 0.711568798104386 , beta_2 = 0.689843715235231",,,,,,,,
5.45,6.14,5.32,5.54,6.17,4.33,4.37,,,01-11:,"alpha_1 = 10.7059423410926 , alpha_2 = 40.0218638395405 , beta_1 = 0.711568798104386 , beta_2 = 0.433728339688808",,,,,,,,
4.14,5.83,4.38,4.84,5.76,4.02,4.50,,,04-05:,"alpha_1 = 10.543007755752 , alpha_2 = 67.2000585902193 , beta_1 = 0.711568798104386 , beta_2 = 0.44799740015353",,,,,,,,
4.99,5.76,4.83,5.62,6.32,4.29,5.19,,,04-06:,"alpha_1 = 13.6679901148008 , alpha_2 = 68.0639804450489 , beta_1 = 0.711568798104386 , beta_2 = 0.313600526319013",,,,,,,,
3.26,5.36,4.25,4.44,4.67,3.45,4.13,,,04-07:,"alpha_1 = 14.1435631951351 , alpha_2 = 40.0905162681987 , beta_1 = 0.461075887191269 , beta_2 = 0.427364159834976",,,,,,,,
4.35,5.81,5.50,5.28,5.40,3.96,5.67,,,04-10:,"alpha_1 = 8.60095833846429 , alpha_2 = 63.8334123040285 , beta_1 = 0.711568798104386 , beta_2 = 0.689843715235231",,,,,,,,
4.40,5.06,3.99,4.76,4.42,2.90,4.23,,,04-11:,"alpha_1 = 10.7059423410926 , alpha_2 = 40.0218638395405 , beta_1 = 0.711568798104386 , beta_2 = 0.433728339688808",,,,,,,,
5.06,5.45,5.60,5.62,6.41,4.20,4.98,,,05-06:,"alpha_1 = 15.2721294919689 , alpha_2 = 101.019783302973 , beta_1 = 0.44799740015353 , beta_2 = 0.313600526319013",,,,,,,,
4.80,4.74,3.45,4.04,3.87,2.96,2.95,,,05-07:,"alpha_1 = 12.8279028318278 , alpha_2 = 41.3211537730438 , beta_1 = 0.44799740015353 , beta_2 = 0.427364159834976",,,,,,,,
5.86,5.33,5.34,5.29,5.73,4.73,4.49,,,05-10:,"alpha_1 = 10.2050977156324 , alpha_2 = 55.2487423251207 , beta_1 = 0.44799740015353 , beta_2 = 0.689843715235231",,,,,,,,
4.80,6.69,5.04,5.61,4.39,4.74,4.95,,,05-11:,"alpha_1 = 12.3100817182608 , alpha_2 = 50.7607409562157 , beta_1 = 0.44799740015353 , beta_2 = 0.433728339688808",,,,,,,,
4.27,3.89,4.32,4.90,5.10,3.00,4.27,,,07-10:,"alpha_1 = 10.8858534145402 , alpha_2 = 29.6885771230579 , beta_1 = 0.427364159834976 , beta_2 = 0.689843715235231",,,,,,,,
6.14,5.69,4.53,5.10,6.08,4.95,3.90,,,07-11:,"alpha_1 = 12.9908374171685 , alpha_2 = 46.5566525590541 , beta_1 = 0.427364159834976 , beta_2 = 0.433728339688808",,,,,,,,
3.72,4.95,3.51,4.23,4.30,3.62,3.11,,,10-11:,"alpha_1 = 10.3680323009731 , alpha_2 = 43.1663901791701 , beta_1 = 0.689843715235231 , beta_2 = 0.433728339688808",,,,,,,,
5.22,6.64,4.76,5.84,6.07,4.73,4.58,,,,,,,,,,,,
3.36,4.04,3.13,2.86,3.24,3.67,3.00,,,,,,,,,,,,
3.38,5.27,3.84,3.64,4.04,3.25,3.22,,,,,,,,,,,,
5.50,6.15,5.02,5.67,5.69,4.98,4.81,,,,,,,,,,,,
5.11,6.58,4.43,5.17,4.82,5.00,4.78,,,,,,,,,,,,
5.49,7.96,5.52,6.19,6.23,5.01,4.89,,,,,,,,,,,,
3.41,3.85,3.45,4.45,4.32,2.93,3.20,,,,,,,,,,,,
4.89,5.44,5.57,5.11,5.87,5.98,5.08,,,,,,,,,,,,
4.99,5.18,5.32,4.78,4.51,4.19,3.77,,,,,,,,,,,,
4.95,5.55,4.29,5.02,4.37,3.85,4.16,,,,,,,,,,,,
3.78,5.21,3.40,4.04,4.03,3.83,4.18,,,,,,,,,,,,
5.18,5.96,4.85,6.03,5.01,3.62,4.38,,,,,,,,,,,,
5.13,7.00,4.76,5.46,5.04,4.53,5.74,,,,,,,,,,,,
3.91,5.27,4.53,4.90,3.83,2.94,4.93,,,,,,,,,,,,
6.32,6.08,5.21,4.99,5.09,3.92,4.59,,,,,,,,,,,,
5.48,8.00,4.17,6.30,5.38,5.14,5.02,,,,,,,,,,,,
3.67,5.68,3.11,4.90,4.94,3.45,3.96,,,,,,,,,,,,
5.24,6.46,3.99,5.26,5.45,3.79,4.94,,,,,,,,,,,,
4.13,4.76,3.72,4.92,4.89,3.93,4.58,,,,,,,,,,,,
5.42,6.81,4.80,5.69,5.57,4.52,4.90,,,,,,,,,,,,
4.84,6.45,5.50,5.20,7.17,4.22,5.32,,,,,,,,,,,,
4.44,5.49,4.12,5.20,5.02,4.01,4.50,,,,,,,,,,,,
6.00,7.15,5.83,6.55,5.52,7.26,4.74,,,,,,,,,,,,
3.79,5.76,3.20,5.16,4.56,4.94,3.80,,,,,,,,,,,,
2.70,4.55,3.15,3.90,2.72,2.93,3.13,,,,,,,,,,,,
4.45,5.69,4.14,4.98,3.47,4.67,4.46,,,,,,,,,,,,
4.81,6.11,5.81,5.56,4.15,4.20,4.83,,,,,,,,,,,,
4.85,8.56,4.66,5.82,8.08,4.57,7.31,,,,,,,,,,,,
5.61,7.30,4.01,4.81,5.95,5.00,5.34,,,,,,,,,,,,
4.89,5.33,4.02,4.80,5.02,3.78,4.93,,,,,,,,,,,,
4.80,6.26,5.07,4.79,4.64,4.45,5.04,,,,,,,,,,,,
4.49,5.67,4.79,4.69,6.36,4.21,5.36,,,,,,,,,,,,
4.36,5.11,4.45,4.89,4.10,3.89,4.29,,,,,,,,,,,,
4.96,5.32,4.48,4.33,3.92,3.41,3.85,,,,,,,,,,,,
5.86,6.89,4.32,5.03,5.29,4.80,5.95,,,,,,,,,,,,
3.94,5.88,4.79,5.48,5.58,4.38,4.64,,,,,,,,,,,,
5.24,6.72,4.94,6.93,4.41,3.94,5.21,,,,,,,,,,,,
5.41,7.74,5.04,5.64,4.35,5.29,5.19,,,,,,,,,,,,
5.02,5.52,4.28,4.22,4.70,4.19,4.97,,,,,,,,,,,,
5.13,7.62,5.27,5.31,5.13,4.38,5.53,,,,,,,,,,,,
4.49,6.90,4.22,4.95,6.29,4.61,5.62,,,,,,,,,,,,
3.96,5.21,3.40,5.82,4.12,3.51,3.96,,,,,,,,,,,,
5.14,5.91,4.60,5.50,5.78,4.46,4.66,,,,,,,,,,,,
4.92,4.30,3.85,4.19,3.59,3.50,4.81,,,,,,,,,,,,
2.91,4.13,2.98,4.18,4.85,3.24,3.45,,,,,,,,,,,,
3.42,5.48,3.66,3.72,3.81,3.37,3.80,,,,,,,,,,,,
3.73,6.25,4.24,4.56,4.52,3.72,4.73,,,,,,,,,,,,
8.49,6.07,5.36,5.70,6.05,4.88,5.55,,,,,,,,,,,,
5.35,5.68,5.46,4.64,5.44,4.86,4.44,,,,,,,,,,,,
6.05,6.46,5.20,5.84,5.14,5.39,6.51,,,,,,,,,,,,
5.18,7.36,5.50,5.61,5.31,5.41,5.36,,,,,,,,,,,,
5.28,6.38,4.49,4.73,4.84,4.90,5.04,,,,,,,,,,,,
6.56,7.02,4.99,5.59,5.25,6.08,7.12,,,,,,,,,,,,
6.97,8.70,5.91,5.98,6.29,5.57,6.91,,,,,,,,,,,,
4.22,4.96,4.09,4.13,4.20,4.21,4.77,,,,,,,,,,,,
4.41,5.82,3.93,4.65,4.49,3.73,4.81,,,,,,,,,,,,
4.31,5.11,3.73,5.32,4.18,3.86,4.35,,,,,,,,,,,,
3.89,4.28,3.75,3.48,4.00,3.15,3.64,,,,,,,,,,,,
4.32,5.42,4.82,4.84,4.30,4.25,4.89,,,,,,,,,,,,
6.11,5.80,4.75,5.17,5.12,4.85,5.49,,,,,,,,,,,,
4.02,6.90,4.42,4.66,5.58,4.06,5.17,,,,,,,,,,,,
6.15,6.50,6.38,5.54,5.75,4.42,6.03,,,,,,,,,,,,
5.03,6.07,4.93,5.09,4.41,4.91,5.35,,,,,,,,,,,,
6.08,6.28,4.41,5.22,3.94,3.95,4.54,,,,,,,,,,,,
6.62,5.92,5.12,5.76,5.82,5.64,6.01,,,,,,,,,,,,
7.35,7.42,4.77,6.30,5.58,5.24,5.86,,,,,,,,,,,,
4.94,6.18,4.77,5.15,3.86,4.85,4.26,,,,,,,,,,,,
2.60,4.67,4.28,3.60,3.09,2.95,3.07,,,,,,,,,,,,
4.03,5.81,4.17,4.70,4.19,3.56,3.03,,,,,,,,,,,,
4.44,5.46,4.71,4.78,5.02,3.75,4.51,,,,,,,,,,,,
5.21,5.51,4.62,5.01,4.75,4.14,5.16,,,,,,,,,,,,
4.20,5.25,3.64,4.91,4.17,4.14,4.09,,,,,,,,,,,,
3.78,5.01,3.79,4.46,4.31,3.28,3.94,,,,,,,,,,,,
5.45,5.63,5.43,4.55,4.83,4.83,5.68,,,,,,,,,,,,
8.88,6.75,5.86,6.43,6.23,6.16,6.64,,,,,,,,,,,,
5.04,5.24,4.19,4.86,5.21,4.30,5.03,,,,,,,,,,,,
5.77,6.91,4.86,5.85,4.68,5.41,5.00,,,,,,,,,,,,
5.06,5.21,5.49,5.10,6.03,4.67,5.17,,,,,,,,,,,,
4.51,5.18,3.39,4.68,5.28,3.91,3.26,,,,,,,,,,,,
7.35,9.11,5.77,6.22,7.73,5.01,7.62,,,,,,,,,,,,
6.09,5.78,4.99,5.69,5.00,4.62,5.24,,,,,,,,,,,,
5.04,7.15,5.54,5.28,5.10,4.17,6.06,,,,,,,,,,,,
4.00,5.78,3.73,5.01,6.35,4.26,5.16,,,,,,,,,,,,
4.60,5.66,5.00,5.36,4.42,3.90,4.18,,,,,,,,,,,,
6.51,6.52,5.16,5.69,6.46,6.01,5.64,,,,,,,,,,,,
4.29,5.71,4.07,4.91,4.69,3.98,4.39,,,,,,,,,,,,
3.95,5.26,3.31,4.67,4.96,3.33,3.39,,,,,,,,,,,,
4.57,5.81,4.90,4.82,4.28,4.30,4.43,,,,,,,,,,,,
4.92,5.74,4.13,4.60,3.90,4.59,5.05,,,,,,,,,,,,
6.46,5.91,4.40,4.41,4.01,4.23,5.01,,,,,,,,,,,,
6.05,6.35,4.85,5.41,5.82,4.42,5.85,,,,,,,,,,,,
4.06,5.08,3.61,4.69,4.55,3.14,3.61,,,,,,,,,,,,
5.88,5.47,4.75,5.15,4.83,5.71,5.50,,,,,,,,,,,,
4.61,5.44,3.90,4.55,6.55,3.57,4.35,,,,,,,,,,,,
5.33,7.49,4.78,5.78,6.47,5.56,7.03,,,,,,,,,,,,
6.99,7.54,4.24,5.50,4.89,5.07,5.34,,,,,,,,,,,,
4.24,6.01,5.00,4.38,5.07,3.62,5.03,,,,,,,,,,,,
3.25,5.17,3.48,4.94,4.66,3.64,3.72,,,,,,,,,,,,
5.48,7.40,5.20,5.82,5.50,5.03,6.24,,,,,,,,,,,,
5.31,5.79,4.23,5.45,5.65,4.42,4.64,,,,,,,,,,,,
4.15,5.71,3.73,5.10,4.28,3.71,4.66,,,,,,,,,,,,
6.55,7.31,5.89,6.05,7.50,6.46,5.45,,,,,,,,,,,,
4.78,5.95,4.60,5.43,5.50,4.33,4.20,,,,,,,,,,,,
5.91,7.40,4.89,5.42,6.40,7.66,6.74,,,,,,,,,,,,
4.70,6.06,4.31,4.39,5.92,4.08,4.87,,,,,,,,,,,,
6.74,7.39,5.18,6.63,6.85,5.02,6.54,,,,,,,,,,,,
6.15,4.96,4.81,4.39,4.33,4.26,5.11,,,,,,,,,,,,
12.01,7.34,6.06,5.29,5.92,5.33,6.39,,,,,,,,,,,,
6.95,6.67,4.87,5.54,4.56,4.30,5.52,,,,,,,,,,,,
4.67,5.38,4.77,5.25,6.21,4.22,5.33,,,,,,,,,,,,
4.44,5.26,4.41,4.82,3.80,3.87,4.27,,,,,,,,,,,,
5.15,4.50,3.21,4.69,5.73,3.36,4.01,,,,,,,,,,,,
6.05,6.17,4.92,5.62,4.56,4.81,6.26,,,,,,,,,,,,
4.26,4.65,3.32,3.93,4.76,3.86,4.34,,,,,,,,,,,,
3.76,5.27,4.21,4.94,5.09,4.22,5.27,,,,,,,,,,,,
6.79,7.18,5.29,5.43,6.32,6.33,6.61,,,,,,,,,,,,
4.71,5.37,4.80,5.26,4.71,4.71,3.99,,,,,,,,,,,,
6.53,5.61,4.64,5.08,6.12,4.84,5.07,,,,,,,,,,,,
5.71,3.67,2.82,3.14,3.16,3.39,2.78,,,,,,,,,,,,
5.97,6.31,5.44,5.46,5.38,4.43,5.84,,,,,,,,,,,,
4.00,3.74,3.32,3.71,3.92,3.62,3.00,,,,,,,,,,,,
3.58,4.82,3.42,4.59,4.32,3.81,3.01,,,,,,,,,,,,
8.32,6.05,4.94,5.97,4.58,4.91,5.37,,,,,,,,,,,,
4.91,5.20,3.94,4.71,5.60,3.92,3.90,,,,,,,,,,,,
3.63,5.19,3.48,3.84,5.00,3.44,5.76,,,,,,,,,,,,
4.62,5.37,4.94,4.97,4.29,3.55,4.68,,,,,,,,,,,,
4.33,6.26,4.35,5.18,5.38,4.98,4.60,,,,,,,,,,,,
4.61,5.96,3.75,4.36,5.62,3.44,4.92,,,,,,,,,,,,
4.83,5.05,4.05,5.06,4.15,4.09,4.18,,,,,,,,,,,,
5.52,5.92,4.62,4.88,6.62,4.28,6.54,,,,,,,,,,,,
7.28,5.33,5.12,5.35,6.25,5.39,5.58,,,,,,,,,,,,
5.07,6.66,4.33,4.74,3.93,4.75,5.17,,,,,,,,,,,,
4.96,5.23,4.05,4.31,4.40,4.08,4.95,,,,,,,,,,,,
3.23,3.59,3.09,4.73,3.07,3.53,2.78,,,,,,,,,,,,
4.03,4.97,3.63,4.40,5.20,3.80,4.39,,,,,,,,,,,,
5.66,7.26,5.07,5.42,6.42,5.01,5.41,,,,,,,,,,,,
5.50,6.86,4.68,5.16,4.36,4.31,4.40,,,,,,,,,,,,
4.24,7.11,4.88,5.48,5.45,4.47,5.07,,,,,,,,,,,,
5.32,4.78,5.20,4.98,6.19,4.44,4.90,,,,,,,,,,,,
4.69,7.20,3.99,4.58,5.69,3.79,4.39,,,,,,,,,,,,
4.63,5.94,5.13,5.08,4.92,3.95,4.66,,,,,,,,,,,,
7.31,6.20,4.28,5.69,3.91,6.23,5.25,,,,,,,,,,,,
3.88,6.09,3.89,4.43,4.94,3.41,3.90,,,,,,,,,,,,
5.84,6.84,4.71,5.11,4.49,4.93,4.95,,,,,,,,,,,,
6.18,6.49,5.48,6.36,6.21,5.38,5.80,,,,,,,,,,,,
5.03,5.45,3.84,4.63,4.96,4.25,4.82,,,,,,,,,,,,
5.93,6.44,5.04,5.57,4.08,4.73,4.53,,,,,,,,,,,,
5.30,5.29,4.41,4.83,5.14,4.30,5.18,,,,,,,,,,,,
5.01,5.74,4.53,4.59,5.32,5.30,5.58,,,,,,,,,,,,
6.40,4.68,3.56,3.72,4.84,2.97,4.10,,,,,,,,,,,,
5.73,6.38,4.43,5.67,5.02,5.09,4.91,,,,,,,,,,,,
2.67,6.49,4.77,6.24,7.00,4.06,5.36,,,,,,,,,,,,
7.38,5.99,4.68,4.79,5.40,4.31,4.59,,,,,,,,,,,,
5.14,5.58,4.65,5.58,6.99,4.48,4.83,,,,,,,,,,,,
4.94,6.63,4.52,5.02,5.07,4.26,5.72,,,,,,,,,,,,
5.62,5.97,4.94,5.62,5.09,4.69,5.46,,,,,,,,,,,,
5.38,5.92,4.97,5.27,5.24,4.99,5.17,,,,,,,,,,,,
3.72,4.71,3.82,4.59,5.05,3.51,3.56,,,,,,,,,,,,
7.61,7.17,4.59,4.82,3.59,5.03,5.23,,,,,,,,,,,,
4.79,6.10,4.30,4.73,3.66,3.97,4.30,,,,,,,,,,,,
4.62,6.53,4.21,5.01,4.00,4.56,6.17,,,,,,,,,,,,
6.01,5.73,5.08,5.32,4.88,4.50,5.05,,,,,,,,,,,,
8.62,8.34,4.00,5.12,5.68,4.18,5.48,,,,,,,,,,,,
6.39,6.47,4.26,5.36,5.48,5.02,4.52,,,,,,,,,,,,
5.45,6.71,5.67,5.57,6.21,5.21,5.82,,,,,,,,,,,,
5.48,4.68,4.06,4.43,5.03,4.75,4.66,,,,,,,,,,,,
3.57,4.27,3.16,3.32,3.86,3.80,3.43,,,,,,,,,,,,
3.37,4.47,3.54,3.60,4.01,3.68,3.78,,,,,,,,,,,,
4.53,5.08,3.84,4.55,3.75,3.80,4.04,,,,,,,,,,,,
4.10,5.41,3.60,4.87,4.34,4.04,3.43,,,,,,,,,,,,
4.34,5.59,3.97,4.83,4.59,3.95,4.19,,,,,,,,,,,,
5.67,6.54,4.63,5.12,4.97,4.22,5.14,,,,,,,,,,,,
4.68,7.35,4.77,4.87,5.17,3.89,5.38,,,,,,,,,,,,
5.77,6.04,5.24,4.74,4.92,5.49,4.49,,,,,,,,,,,,
5.69,6.99,5.03,4.94,4.29,5.15,6.43,,,,,,,,,,,,
5.43,6.72,5.38,5.49,4.72,4.82,5.66,,,,,,,,,,,,
4.41,4.99,3.54,4.78,4.00,3.32,3.66,,,,,,,,,,,,
5.79,5.70,4.11,4.15,6.26,4.43,4.89,,,,,,,,,,,,
4.16,4.45,3.62,4.85,4.91,3.33,3.65,,,,,,,,,,,,
5.10,7.93,4.32,5.50,5.88,4.59,5.10,,,,,,,,,,,,
3.16,4.90,3.08,5.44,5.94,5.12,3.21,,,,,,,,,,,,
5.52,6.27,4.71,5.88,5.21,5.16,5.49,,,,,,,,,,,,
3.91,4.20,3.42,3.99,4.65,3.95,3.51,,,,,,,,,,,,
4.16,4.77,3.67,4.38,5.22,4.27,4.28,,,,,,,,,,,,
3.62,4.42,3.32,4.13,3.75,3.64,3.33,,,,,,,,,,,,
4.87,5.38,4.58,4.60,4.01,3.64,4.28,,,,,,,,,,,,
9.10,4.94,3.97,4.67,3.89,3.95,4.70,,,,,,,,,,,,
5.69,5.01,4.79,3.93,3.72,4.33,5.96,,,,,,,,,,,,
3.50,4.88,3.26,3.96,7.00,4.00,5.26,,,,,,,,,,,,
3.99,5.70,4.02,5.15,6.01,5.07,5.75,,,,,,,,,,,,
5.09,5.64,4.01,4.76,4.17,3.80,4.65,,,,,,,,,,,,
3.71,4.42,3.19,4.55,3.78,4.04,2.71,,,,,,,,,,,,
4.27,5.55,4.22,4.95,4.33,3.84,3.83,,,,,,,,,,,,
4.38,5.39,4.15,4.37,3.95,3.80,4.15,,,,,,,,,,,,
5.29,5.77,4.53,5.45,6.27,4.90,6.25,,,,,,,,,,,,
4.78,4.98,3.85,4.79,4.13,4.22,4.03,,,,,,,,,,,,
3.67,5.10,3.64,5.35,6.04,4.53,5.44,,,,,,,,,,,,
4.03,4.59,3.31,3.99,4.66,4.51,3.94,,,,,,,,,,,,
5.99,5.96,7.07,6.12,7.12,4.95,5.61,,,,,,,,,,,,
4.86,6.13,4.74,5.02,4.79,4.49,5.70,,,,,,,,,,,,
3.26,4.88,3.34,4.53,3.73,3.44,4.12,,,,,,,,,,,,
4.24,6.56,4.60,6.79,6.88,4.79,5.66,,,,,,,,,,,,
3.51,4.36,3.53,4.36,3.98,3.11,3.84,,,,,,,,,,,,
5.08,5.49,4.60,5.13,5.36,3.79,4.77,,,,,,,,,,,,
4.93,6.29,4.92,4.80,4.60,4.25,5.25,,,,,,,,,,,,
5.73,6.13,4.81,5.01,4.38,4.70,4.29,,,,,,,,,,,,
4.39,5.77,4.58,4.44,4.92,3.37,4.20,,,,,,,,,,,,
6.03,8.94,6.49,6.42,5.74,5.16,3.88,,,,,,,,,,,,
5.21,5.39,4.00,4.27,3.32,6.44,4.19,,,,,,,,,,,,
4.20,6.11,3.30,4.40,4.78,4.07,3.45,,,,,,,,,,,,
4.63,6.04,3.99,4.89,5.54,4.36,5.34,,,,,,,,,,,,
3.87,5.02,4.48,4.44,3.94,3.64,4.11,,,,,,,,,,,,
5.66,8.07,4.85,5.92,5.17,4.69,6.34,,,,,,,,,,,,
5.77,7.60,5.40,5.46,4.74,5.59,4.94,,,,,,,,,,,,
3.34,4.26,3.70,3.02,3.22,4.19,3.64,,,,,,,,,,,,
4.42,5.95,4.18,4.52,3.30,4.16,4.52,,,,,,,,,,,,
4.69,5.08,4.78,4.94,5.46,4.88,5.85,,,,,,,,,,,,
5.39,6.55,4.90,5.72,6.93,4.14,5.79,,,,,,,,,,,,
4.21,5.81,3.38,4.67,3.46,3.25,3.48,,,,,,,,,,,,
4.88,6.12,4.83,5.13,4.58,4.44,5.23,,,,,,,,,,,,
5.00,5.13,4.35,5.50,4.89,2.58,4.72,,,,,,,,,,,,
5.17,5.47,4.26,4.66,5.40,4.21,4.55,,,,,,,,,,,,
3.04,5.72,4.18,3.67,3.75,4.88,5.10,,,,,,,,,,,,
4.29,5.37,3.52,4.45,4.58,4.51,4.43,,,,,,,,,,,,
4.47,5.83,4.33,4.33,5.67,4.07,3.80,,,,,,,,,,,,
5.72,5.83,5.22,6.64,6.47,4.35,5.89,,,,,,,,,,,,
4.04,7.39,4.23,4.72,4.12,4.21,4.74,,,,,,,,,,,,
6.01,6.84,5.57,6.53,6.82,4.43,5.36,,,,,,,,,,,,
4.62,5.47,3.83,4.68,3.67,4.52,3.92,,,,,,,,,,,,
6.51,7.36,4.81,5.40,6.67,5.36,6.67,,,,,,,,,,,,
6.42,5.09,3.76,3.65,2.90,3.52,3.73,,,,,,,,,,,,
5.10,7.40,4.65,6.48,6.55,6.54,7.08,,,,,,,,,,,,
5.23,5.90,4.10,5.14,6.08,4.38,5.57,,,,,,,,,,,,
3.57,5.69,3.32,3.86,5.63,4.05,4.48,,,,,,,,,,,,
4.96,5.34,5.52,5.15,5.75,4.64,4.96,,,,,,,,,,,,
5.70,8.36,6.26,5.71,5.96,5.36,6.47,,,,,,,,,,,,
5.28,6.75,4.74,6.30,5.78,5.06,5.25,,,,,,,,,,,,
3.90,4.87,3.13,3.53,4.94,4.41,4.77,,,,,,,,,,,,
3.67,4.89,5.16,4.85,4.23,3.36,3.96,,,,,,,,,,,,
4.73,5.50,3.50,3.84,4.78,3.30,4.08,,,,,,,,,,,,
4.91,5.84,4.61,5.56,5.86,4.63,5.03,,,,,,,,,,,,
4.47,6.07,3.92,4.91,5.70,3.99,5.21,,,,,,,,,,,,
6.94,7.83,5.49,7.09,7.27,4.90,7.08,,,,,,,,,,,,
4.73,6.36,4.11,4.85,4.36,4.13,4.37,,,,,,,,,,,,
5.59,5.25,4.20,4.86,4.14,3.44,3.88,,,,,,,,,,,,
5.26,5.93,5.35,5.05,4.45,4.13,4.72,,,,,,,,,,,,
4.81,5.48,4.39,4.13,3.71,4.10,4.90,,,,,,,,,,,,
5.97,6.40,4.99,4.97,3.84,5.19,4.83,,,,,,,,,,,,
5.01,6.21,4.05,4.88,5.55,4.34,4.32,,,,,,,,,,,,
5.38,5.87,4.96,4.20,4.92,5.28,3.88,,,,,,,,,,,,
4.56,4.49,4.95,4.29,5.24,3.20,6.04,,,,,,,,,,,,
5.32,5.84,3.87,4.25,3.34,3.61,4.54,,,,,,,,,,,,
4.12,5.20,3.67,4.53,4.50,3.27,4.19,,,,,,,,,,,,
3.57,4.51,3.26,5.07,4.20,4.02,4.08,,,,,,,,,,,,
5.19,6.83,5.07,5.12,3.91,4.50,3.83,,,,,,,,,,,,
4.43,12.54,2.79,3.96,5.25,2.63,3.60,,,,,,,,,,,,
5.15,6.28,3.87,5.61,5.99,4.04,3.95,,,,,,,,,,,,
5.06,6.46,2.93,4.22,5.62,3.47,5.53,,,,,,,,,,,,
3.89,8.20,3.84,4.69,6.02,4.07,5.46,,,,,,,,,,,,
3.87,5.09,4.15,5.08,4.84,3.39,3.77,,,,,,,,,,,,
4.91,6.15,5.15,5.14,5.54,4.12,4.95,,,,,,,,,,,,
3.68,4.16,3.29,4.60,4.18,4.13,3.65,,,,,,,,,,,,
5.20,5.91,4.84,4.84,4.94,4.18,4.94,,,,,,,,,,,,
5.70,6.72,5.14,5.48,4.92,4.52,5.48,,,,,,,,,,,,
5.83,8.13,5.13,5.28,4.07,5.38,6.02,,,,,,,,,,,,
5.05,5.58,3.95,4.68,5.91,3.62,4.12,,,,,,,,,,,,
5.06,6.09,4.73,4.74,4.92,4.44,5.08,,,,,,,,,,,,
4.02,5.63,4.30,4.78,3.58,3.94,4.23,,,,,,,,,,,,
4.37,5.34,4.11,4.33,3.87,4.08,4.10,,,,,,,,,,,,
5.45,4.88,3.76,4.47,5.20,4.37,4.08,,,,,,,,,,,,
3.52,4.45,3.60,5.09,3.47,3.85,4.69,,,,,,,,,,,,
4.79,5.69,3.73,4.35,4.45,3.80,3.81,,,,,,,,,,,,
4.15,5.26,3.60,3.91,5.08,4.07,4.67,,,,,,,,,,,,
5.09,5.88,4.55,5.31,5.43,4.79,5.09,,,,,,,,,,,,
4.15,6.61,4.49,4.63,3.43,4.62,4.58,,,,,,,,,,,,
3.56,4.94,3.21,5.07,4.95,4.05,3.88,,,,,,,,,,,,
4.80,6.46,3.64,4.20,4.36,2.70,3.35,,,,,,,,,,,,
4.34,5.70,3.79,4.34,5.49,3.41,4.31,,,,,,,,,,,,
3.67,4.67,3.40,4.57,4.40,3.31,3.13,,,,,,,,,,,,
3.93,4.08,4.13,4.87,5.32,4.72,4.95,,,,,,,,,,,,
4.39,5.47,3.98,4.85,5.56,3.97,4.16,,,,,,,,,,,,
4.48,5.53,4.02,4.88,4.90,3.84,4.01,,,,,,,,,,,,
4.36,7.44,4.12,4.73,6.39,3.96,4.41,,,,,,,,,,,,
5.48,4.53,5.16,4.81,4.55,3.26,6.17,,,,,,,,,,,,
4.45,6.51,4.77,5.39,5.26,5.04,4.52,,,,,,,,,,,,
5.79,8.22,5.43,5.44,6.43,5.86,5.20,,,,,,,,,,,,
5.71,6.06,5.50,5.57,5.15,4.95,4.79,,,,,,,,,,,,
3.29,4.48,3.14,4.24,4.03,3.47,3.71,,,,,,,,,,,,
4.65,5.31,4.50,4.69,5.60,4.32,4.20,,,,,,,,,,,,
3.65,5.84,3.72,4.64,3.62,3.93,3.97,,,,,,,,,,,,
5.25,7.22,5.47,4.35,4.65,4.16,5.12,,,,,,,,,,,,
4.91,6.02,5.15,4.89,4.88,5.21,5.31,,,,,,,,,,,,
4.17,4.90,4.92,3.77,4.17,4.99,5.23,,,,,,,,,,,,
3.48,3.63,3.97,3.14,3.67,2.78,4.01,,,,,,,,,,,,
4.00,4.84,2.92,4.28,2.44,3.29,3.98,,,,,,,,,,,,
4.46,6.38,4.11,5.27,5.45,4.22,5.02,,,,,,,,,,,,
3.73,5.87,4.01,4.23,4.57,3.82,4.90,,,,,,,,,,,,
3.88,6.44,3.74,5.48,3.38,4.06,3.91,,,,,,,,,,,,
4.41,4.44,3.22,4.47,4.38,3.54,3.94,,,,,,,,,,,,
3.69,5.58,3.49,4.40,5.70,4.52,4.62,,,,,,,,,,,,
2.46,4.16,2.26,3.50,4.05,2.52,2.94,,,,,,,,,,,,
6.10,6.64,5.46,7.65,7.95,5.15,5.98,,,,,,,,,,,,
4.08,4.79,3.67,3.76,3.87,3.38,4.10,,,,,,,,,,,,
3.02,3.68,3.94,3.32,4.97,3.03,3.19,,,,,,,,,,,,
4.26,7.76,4.72,4.76,5.00,4.80,5.47,,,,,,,,,,,,
4.88,3.99,5.36,4.26,6.53,4.82,5.21,,,,,,,,,,,,
4.62,3.53,6.61,3.95,6.38,5.17,4.65,,,,,,,,,,,,
5.28,5.28,5.76,5.23,5.46,6.55,5.51,,,,,,,,,,,,
4.12,4.34,5.38,3.59,6.75,5.60,4.00,,,,,,,,,,,,
6.16,5.68,6.45,6.33,7.26,6.11,6.03,,,,,,,,,,,,
5.93,6.89,5.23,6.19,6.97,4.82,5.56,,,,,,,,,,,,
5.89,5.99,4.61,5.04,7.78,6.14,5.92,,,,,,,,,,,,
5.76,5.96,4.71,5.35,6.26,4.18,5.17,,,,,,,,,,,,
5.49,6.25,5.84,5.81,6.83,4.57,5.75,,,,,,,,,,,,
5.29,6.42,6.14,5.08,5.26,3.74,4.79,,,,,,,,,,,,
6.99,8.54,7.00,6.73,5.74,5.87,6.00,,,,,,,,,,,,
5.84,6.40,5.06,5.86,6.36,5.47,5.43,,,,,,,,,,,,
6.06,6.57,5.29,5.59,6.14,4.77,4.94,,,,,,,,,,,,
5.87,6.32,4.96,6.10,6.54,5.96,5.88,,,,,,,,,,,,
5.77,7.07,5.53,5.95,5.58,4.99,6.01,,,,,,,,,,,,
6.14,6.70,5.41,5.67,6.23,5.15,5.20,,,,,,,,,,,,
6.32,7.07,5.22,5.72,6.45,5.65,4.41,,,,,,,,,,,,
6.75,6.91,8.41,6.12,6.47,5.65,5.34,,,,,,,,,,,,
8.26,5.90,5.52,5.98,6.35,5.18,5.91,,,,,,,,,,,,
4.83,6.62,5.45,5.99,5.47,4.95,5.42,,,,,,,,,,,,
4.98,7.28,5.19,6.05,5.97,5.27,5.60,,,,,,,,,,,,
6.40,7.09,5.01,5.33,4.50,5.07,5.60,,,,,,,,,,,,
6.51,6.71,5.95,5.93,7.26,5.57,6.93,,,,,,,,,,,,
5.71,6.49,5.31,5.51,5.85,5.24,6.36,,,,,,,,,,,,
4.57,5.31,4.48,4.80,4.26,3.35,4.06,,,,,,,,,,,,
6.43,7.98,7.56,6.25,6.58,5.43,5.53,,,,,,,,,,,,
7.13,8.14,6.98,6.80,7.16,6.32,6.76,,,,,,,,,,,,
6.02,7.66,8.06,6.68,7.52,5.86,6.22,,,,,,,,,,,,
6.96,6.46,6.04,6.57,7.11,4.73,5.52,,,,,,,,,,,,
7.17,6.98,7.73,6.33,7.04,5.79,6.32,,,,,,,,,,,,
5.73,6.74,6.31,5.94,6.02,5.20,5.49,,,,,,,,,,,,
7.34,11.92,8.80,5.78,6.79,5.05,6.78,,,,,,,,,,,,
5.41,6.57,5.40,6.25,6.77,4.74,5.49,,,,,,,,,,,,
6.10,7.28,5.35,6.20,6.63,5.96,5.17,,,,,,,,,,,,
5.61,7.17,4.99,6.35,6.51,5.13,4.63,,,,,,,,,,,,
4.32,6.17,3.76,5.21,5.58,4.31,4.76,,,,,,,,,,,,
5.17,8.14,4.99,6.24,5.52,5.36,5.47,,,,,,,,,,,,
5.44,5.61,4.68,3.88,6.56,4.79,5.22,,,,,,,,,,,,
4.77,5.59,4.44,5.38,6.84,4.45,5.03,,,,,,,,,,,,
8.10,9.39,7.71,5.18,3.32,5.78,5.53,,,,,,,,,,,,
4.35,5.19,3.88,4.72,5.73,5.39,4.62,,,,,,,,,,,,
6.19,6.65,5.68,6.19,6.56,4.90,5.36,,,,,,,,,,,,
6.45,7.36,5.53,5.60,6.74,5.48,6.50,,,,,,,,,,,,
5.18,7.44,5.16,6.18,6.19,5.60,4.50,,,,,,,,,,,,
6.81,8.29,6.15,7.12,8.25,7.29,6.96,,,,,,,,,,,,
6.52,7.46,5.58,7.04,6.31,5.05,5.89,,,,,,,,,,,,
5.61,6.56,6.18,5.87,6.09,4.46,5.33,,,,,,,,,,,,
7.09,8.46,6.64,6.93,7.18,6.47,7.17,,,,,,,,,,,,
8.29,7.76,6.15,5.90,6.51,4.95,5.27,,,,,,,,,,,,
5.71,7.20,6.18,5.78,6.04,5.55,5.34,,,,,,,,,,,,
6.13,6.77,5.43,7.00,6.47,6.36,6.40,,,,,,,,,,,,
6.64,7.80,6.36,6.75,6.70,6.52,5.88,,,,,,,,,,,,
5.92,7.56,5.21,6.45,5.40,6.09,5.84,,,,,,,,,,,,
4.23,6.75,4.40,4.76,6.19,4.74,5.11,,,,,,,,,,,,
5.33,7.42,4.99,6.53,7.08,5.31,5.63,,,,,,,,,,,,
5.71,6.47,4.88,5.65,6.10,4.99,5.83,,,,,,,,,,,,
6.83,7.20,4.99,5.92,6.25,5.02,4.88,,,,,,,,,,,,
5.09,7.31,4.79,5.89,6.37,5.89,4.67,,,,,,,,,,,,
7.13,7.05,6.53,6.61,7.89,5.77,6.45,,,,,,,,,,,,
8.27,9.50,7.64,6.23,5.97,8.23,6.75,,,,,,,,,,,,
5.86,6.58,5.23,5.59,5.76,5.47,5.16,,,,,,,,,,,,
8.06,7.31,7.80,5.42,9.28,5.00,4.96,,,,,,,,,,,,
5.65,7.81,5.30,6.19,6.33,5.43,5.29,,,,,,,,,,,,
6.59,6.00,4.38,5.53,6.33,4.32,4.63,,,,,,,,,,,,
5.96,7.26,8.29,6.16,7.13,5.87,5.81,,,,,,,,,,,,
5.97,7.17,5.92,6.67,6.11,5.95,6.73,,,,,,,,,,,,
6.33,6.65,5.06,6.24,5.99,5.40,5.58,,,,,,,,,,,,
5.06,6.06,4.93,5.07,5.88,5.00,5.06,,,,,,,,,,,,
6.72,6.78,6.11,6.16,6.91,6.41,6.47,,,,,,,,,,,,
6.03,7.95,8.71,7.24,7.55,5.50,6.01,,,,,,,,,,,,
5.67,5.76,7.05,5.69,6.36,4.24,5.07,,,,,,,,,,,,
5.86,6.68,6.05,5.93,6.40,6.51,5.78,,,,,,,,,,,,
7.12,8.10,5.87,6.83,7.67,5.80,6.87,,,,,,,,,,,,
5.00,5.92,3.72,4.73,6.26,3.71,4.00,,,,,,,,,,,,
4.66,4.67,3.59,4.17,5.50,3.73,3.43,,,,,,,,,,,,
7.67,8.73,6.09,7.12,7.28,7.36,7.30,,,,,,,,,,,,
5.37,6.68,4.53,5.79,5.94,5.85,5.49,,,,,,,,,,,,
4.84,6.09,4.20,5.27,5.55,4.59,4.69,,,,,,,,,,,,
7.35,6.61,8.30,8.10,8.09,7.12,6.66,,,,,,,,,,,,
5.39,5.95,4.94,5.34,6.49,4.49,5.05,,,,,,,,,,,,
6.36,7.51,4.58,6.01,7.46,5.61,4.51,,,,,,,,,,,,
5.64,5.27,4.32,6.44,6.67,3.97,3.97,,,,,,,,,,,,
5.79,7.81,5.52,5.18,6.01,5.20,5.57,,,,,,,,,,,,
6.32,5.61,4.85,5.02,5.31,4.37,4.04,,,,,,,,,,,,
5.84,5.32,4.20,4.35,6.14,4.42,4.68,,,,,,,,,,,,
6.20,8.31,6.16,7.84,6.26,5.79,5.87,,,,,,,,,,,,
5.67,7.34,5.74,6.44,6.25,5.06,5.46,,,,,,,,,,,,
6.93,7.26,6.37,7.52,8.07,5.72,6.21,,,,,,,,,,,,
6.74,5.51,4.57,5.56,6.76,5.40,6.24,,,,,,,,,,,,
5.32,5.09,4.45,4.58,6.74,4.34,5.24,,,,,,,,,,,,
5.94,7.74,5.24,5.60,6.22,6.74,6.15,,,,,,,,,,,,
6.45,6.26,5.93,5.12,6.10,5.54,4.91,,,,,,,,,,,,
4.60,5.20,3.13,5.08,4.98,3.40,3.75,,,,,,,,,,,,
5.69,5.53,3.98,5.13,5.53,5.49,4.91,,,,,,,,,,,,
6.05,6.74,5.40,5.08,6.14,5.76,4.28,,,,,,,,,,,,
3.70,4.80,4.73,3.49,5.30,5.65,4.59,,,,,,,,,,,,
5.25,7.43,5.40,6.21,7.16,5.27,5.08,,,,,,,,,,,,
5.22,6.39,6.62,5.11,6.44,6.54,5.30,,,,,,,,,,,,
5.09,6.60,4.75,6.13,5.83,4.83,4.33,,,,,,,,,,,,
6.91,7.62,7.20,8.22,7.11,5.26,6.41,,,,,,,,,,,,
5.95,7.49,5.38,5.83,6.10,4.05,4.47,,,,,,,,,,,,
4.50,5.87,4.17,4.74,5.45,4.69,4.10,,,,,,,,,,,,
6.45,7.40,6.34,6.44,6.93,5.47,6.10,,,,,,,,,,,,
4.22,6.60,4.12,4.70,4.77,4.83,4.42,,,,,,,,,,,,
5.84,7.36,7.21,6.35,6.17,5.45,5.32,,,,,,,,,,,,
5.14,6.77,4.91,5.33,6.55,4.70,4.77,,,,,,,,,,,,
5.26,6.04,4.82,4.84,5.37,5.79,6.31,,,,,,,,,,,,
5.72,8.05,5.68,6.55,7.31,5.62,5.66,,,,,,,,,,,,
5.32,5.77,5.35,5.45,5.75,5.15,5.73,,,,,,,,,,,,
5.87,7.71,5.32,6.45,6.85,4.79,5.37,,,,,,,,,,,,
5.78,8.89,6.77,7.29,7.00,6.21,5.22,,,,,,,,,,,,
6.94,7.25,6.20,6.46,7.24,5.91,6.52,,,,,,,,,,,,
9.07,11.96,8.92,8.89,9.96,9.64,10.88,,,,,,,,,,,,
5.75,7.06,6.50,6.25,7.34,4.94,5.22,,,,,,,,,,,,
4.93,7.02,4.73,6.53,6.62,5.19,4.99,,,,,,,,,,,,
4.26,5.24,3.61,4.46,4.90,4.55,4.92,,,,,,,,,,,,
5.97,7.15,5.69,6.15,6.59,5.29,6.33,,,,,,,,,,,,
5.13,6.07,4.71,5.03,6.72,5.17,5.29,,,,,,,,,,,,
6.10,8.27,6.13,6.10,6.35,5.77,6.16,,,,,,,,,,,,
4.72,6.26,4.88,6.07,6.44,4.35,4.75,,,,,,,,,,,,
7.11,8.42,5.97,6.76,6.93,6.33,5.82,,,,,,,,,,,,
5.42,6.54,4.61,5.02,5.35,4.47,4.18,,,,,,,,,,,,
5.93,6.92,4.70,5.95,7.95,4.97,5.82,,,,,,,,,,,,
6.41,8.06,5.95,7.05,7.47,6.21,6.27,,,,,,,,,,,,
7.44,7.65,6.98,6.87,6.01,6.70,6.09,,,,,,,,,,,,
5.20,6.46,5.93,5.34,5.92,5.01,5.60,,,,,,,,,,,,
5.89,8.06,6.00,6.68,7.98,6.14,6.08,,,,,,,,,,,,
5.23,7.20,4.35,5.59,5.86,4.95,5.12,,,,,,,,,,,,
6.76,7.98,5.89,5.87,6.33,6.06,6.06,,,,,,,,,,,,
6.17,7.41,6.15,6.48,6.73,5.85,6.75,,,,,,,,,,,,
6.09,7.74,6.72,6.33,5.90,5.48,6.09,,,,,,,,,,,,
6.34,8.26,8.50,7.43,7.27,5.39,5.77,,,,,,,,,,,,
5.70,6.52,5.29,5.78,6.28,5.53,5.39,,,,,,,,,,,,
4.87,5.06,3.96,3.98,5.10,4.09,5.02,,,,,,,,,,,,
6.43,8.63,5.54,6.52,7.10,5.65,6.18,,,,,,,,,,,,
5.89,6.52,4.58,5.41,6.00,4.25,5.18,,,,,,,,,,,,
1.00,4.50,2.57,6.75,10.50,5.78,2.79,,,,,,,,,,,,
7.06,7.95,6.40,6.58,6.07,5.23,6.72,,,,,,,,,,,,
5.45,6.28,5.02,5.38,6.94,5.01,5.29,,,,,,,,,,,,
5.18,7.09,4.72,6.17,6.25,5.01,5.23,,,,,,,,,,,,
6.17,7.74,5.42,6.57,6.74,4.60,5.92,,,,,,,,,,,,
5.93,8.46,5.39,6.85,7.20,5.06,6.24,,,,,,,,,,,,
6.83,8.49,8.73,7.60,7.77,5.39,5.92,,,,,,,,,,,,
7.12,8.39,6.36,7.36,6.03,6.13,6.57,,,,,,,,,,,,
6.11,6.60,5.37,6.18,6.53,4.76,4.39,,,,,,,,,,,,
6.33,7.76,5.18,5.84,6.43,5.78,5.04,,,,,,,,,,,,
8.21,7.41,7.82,7.33,7.23,6.14,5.64,,,,,,,,,,,,
6.31,9.33,8.02,7.68,6.92,5.78,5.10,,,,,,,,,,,,
5.22,6.31,4.68,6.26,5.80,5.19,5.31,,,,,,,,,,,,
6.25,6.80,5.56,5.96,6.31,6.22,5.77,,,,,,,,,,,,
6.53,8.75,5.01,6.79,7.90,6.06,5.81,,,,,,,,,,,,
5.89,6.60,5.10,5.54,5.77,4.94,4.77,,,,,,,,,,,,
5.35,6.17,4.42,5.39,4.92,5.93,4.49,,,,,,,,,,,,
6.31,7.39,5.43,6.76,7.19,6.81,5.79,,,,,,,,,,,,
5.92,7.06,5.64,5.93,5.93,4.59,5.98,,,,,,,,,,,,
6.69,7.95,4.99,6.79,6.70,4.89,5.68,,,,,,,,,,,,
5.54,6.93,5.00,5.82,6.49,4.75,4.97,,,,,,,,,,,,
6.14,7.71,5.97,6.39,7.02,5.42,6.04,,,,,,,,,,,,
7.76,7.07,6.50,6.08,5.22,6.78,5.72,,,,,,,,,,,,
8.15,5.92,5.43,4.63,5.34,6.66,5.88,,,,,,,,,,,,
5.67,7.66,5.45,5.91,6.07,7.56,6.06,,,,,,,,,,,,
6.50,6.30,5.29,6.03,5.15,5.39,5.08,,,,,,,,,,,,
6.51,6.69,5.18,5.99,5.83,6.12,5.93,,,,,,,,,,,,
7.87,6.78,6.41,5.78,5.94,6.49,5.69,,,,,,,,,,,,
6.02,6.17,5.11,6.53,7.95,5.16,6.54,,,,,,,,,,,,
6.59,6.56,5.24,6.53,5.69,5.77,4.39,,,,,,,,,,,,
6.04,6.32,5.06,5.52,5.86,5.19,4.96,,,,,,,,,,,,
5.65,6.17,4.40,5.43,6.06,5.55,5.57,,,,,,,,,,,,
6.61,6.25,5.21,6.56,7.03,6.39,7.23,,,,,,,,,,,,
6.65,6.66,5.08,5.32,4.62,5.18,3.85,,,,,,,,,,,,
7.11,7.22,6.78,6.56,6.69,8.11,7.73,,,,,,,,,,,,
8.37,8.08,6.71,6.53,6.28,8.13,7.06,,,,,,,,,,,,
7.59,7.45,6.60,6.28,5.30,8.15,6.23,,,,,,,,,,,,
9.17,7.36,6.93,6.09,4.76,7.98,5.39,,,,,,,,,,,,
6.80,7.67,5.89,5.91,5.70,5.66,6.46,,,,,,,,,,,,
5.24,6.13,5.20,5.75,4.85,5.76,5.50,,,,,,,,,,,,
5.01,6.38,4.24,4.78,3.58,4.52,4.09,,,,,,,,,,,,
7.33,7.58,6.34,7.64,6.69,5.72,6.04,,,,,,,,,,,,
8.17,8.66,6.23,6.85,5.75,7.90,5.76,,,,,,,,,,,,
7.69,8.57,6.54,7.44,7.71,6.90,6.45,,,,,,,,,,,,
8.32,10.06,6.36,7.49,6.34,7.67,7.10,,,,,,,,,,,,
7.28,7.10,4.97,5.79,5.79,7.00,4.11,,,,,,,,,,,,
8.86,7.53,5.93,6.34,6.45,6.11,6.53,,,,,,,,,,,,
9.82,7.61,7.49,6.58,6.85,6.81,6.23,,,,,,,,,,,,
5.52,6.94,4.88,6.36,6.05,5.25,5.03,,,,,,,,,,,,
4.89,6.16,4.68,4.33,4.07,5.39,4.99,,,,,,,,,,,,
6.52,6.50,5.54,5.97,5.62,5.02,6.95,,,,,,,,,,,,
6.79,7.17,6.09,6.67,6.14,6.23,6.43,,,,,,,,,,,,
8.35,8.52,5.86,7.51,7.69,6.66,6.64,,,,,,,,,,,,
9.41,8.77,6.64,7.30,6.52,8.44,6.36,,,,,,,,,,,,
6.11,7.06,5.58,6.50,5.36,6.28,6.00,,,,,,,,,,,,
6.23,7.38,5.09,5.74,4.31,5.60,5.31,,,,,,,,,,,,
7.44,6.55,5.61,5.96,4.54,6.49,4.95,,,,,,,,,,,,
5.55,6.33,4.99,5.68,4.91,4.96,5.25,,,,,,,,,,,,
8.20,8.65,5.92,6.85,6.34,7.55,5.79,,,,,,,,,,,,
7.86,8.00,6.79,6.52,5.53,7.72,5.35,,,,,,,,,,,,
7.80,8.18,5.89,7.10,6.69,7.66,6.73,,,,,,,,,,,,
9.36,7.33,6.14,6.19,6.99,7.53,5.89,,,,,,,,,,,,
8.31,7.31,8.16,7.33,7.62,5.59,6.00,,,,,,,,,,,,
5.65,6.28,4.64,5.38,4.80,4.54,4.18,,,,,,,,,,,,
7.89,7.95,5.77,6.38,5.61,5.91,6.45,,,,,,,,,,,,
6.55,6.44,6.28,5.74,5.48,5.59,6.10,,,,,,,,,,,,
7.54,8.00,5.32,6.41,5.41,7.00,4.41,,,,,,,,,,,,
8.86,8.25,7.23,7.40,6.75,7.77,6.22,,,,,,,,,,,,
8.23,7.75,6.61,6.44,6.47,7.07,6.61,,,,,,,,,,,,
5.97,7.13,5.11,5.83,5.00,5.39,5.83,,,,,,,,,,,,
4.95,5.95,4.38,5.94,5.20,3.92,4.87,,,,,,,,,,,,
7.49,6.84,5.98,6.46,5.71,5.55,5.76,,,,,,,,,,,,
6.27,9.72,5.46,8.16,8.14,7.17,6.29,,,,,,,,,,,,
6.14,6.13,5.27,5.66,5.24,6.08,5.51,,,,,,,,,,,,
6.79,6.08,4.00,4.93,4.57,4.76,5.53,,,,,,,,,,,,
7.07,7.48,5.90,6.65,7.37,7.11,5.79,,,,,,,,,,,,
5.43,5.86,4.76,5.32,4.73,5.70,5.24,,,,,,,,,,,,
6.49,6.22,4.81,5.05,4.55,4.39,4.73,,,,,,,,,,,,
7.75,7.49,5.13,5.68,4.02,8.65,5.84,,,,,,,,,,,,
7.64,7.19,4.83,5.96,5.61,5.73,4.11,,,,,,,,,,,,
7.52,7.62,6.05,5.75,5.86,7.20,7.70,,,,,,,,,,,,
7.47,6.92,5.02,6.45,5.78,6.29,5.74,,,,,,,,,,,,
7.03,6.47,4.83,4.66,5.46,4.60,4.42,,,,,,,,,,,,
6.89,5.00,5.19,5.81,6.62,6.33,5.10,,,,,,,,,,,,
6.62,6.77,4.60,5.66,4.77,5.45,5.34,,,,,,,,,,,,
7.85,8.43,5.91,6.75,5.51,7.51,6.25,,,,,,,,,,,,
7.49,7.93,5.74,6.89,7.72,6.93,6.31,,,,,,,,,,,,
6.68,6.46,6.34,6.26,5.32,4.30,5.56,,,,,,,,,,,,
7.97,7.41,6.35,6.14,5.52,7.21,6.02,,,,,,,,,,,,
7.79,8.00,5.94,6.76,5.76,6.57,6.57,,,,,,,,,,,,
7.31,7.17,7.26,6.20,6.47,6.49,5.59,,,,,,,,,,,,
7.46,7.27,5.33,6.96,7.80,7.88,7.03,,,,,,,,,,,,
5.19,6.00,4.06,4.36,7.09,5.76,4.94,,,,,,,,,,,,
6.82,6.46,4.81,5.29,4.75,5.04,4.65,,,,,,,,,,,,
5.86,6.96,4.65,6.23,7.00,4.94,3.95,,,,,,,,,,,,
5.45,6.84,4.95,5.91,5.90,4.78,4.01,,,,,,,,,,,,
6.01,6.45,6.53,5.78,6.77,5.48,5.95,,,,,,,,,,,,
6.74,7.19,6.08,7.13,6.96,5.51,6.96,,,,,,,,,,,,
8.21,9.37,7.50,7.67,6.99,9.22,5.72,,,,,,,,,,,,
9.98,8.27,8.74,8.88,9.32,9.54,10.01,,,,,,,,,,,,
12.67,11.06,9.19,8.05,9.59,12.73,8.55,,,,,,,,,,,,
6.71,8.83,7.15,6.65,5.76,5.94,5.91,,,,,,,,,,,,
11.94,11.31,9.25,8.38,8.74,11.69,6.61,,,,,,,,,,,,
9.12,8.61,7.08,6.98,7.21,8.62,7.06,,,,,,,,,,,,
11.97,10.18,9.29,7.61,8.44,10.79,8.03,,,,,,,,,,,,
8.66,8.43,5.86,6.67,5.36,10.92,5.72,,,,,,,,,,,,
8.97,9.37,6.95,7.51,7.29,9.99,8.25,,,,,,,,,,,,
9.81,9.13,7.23,6.39,5.40,7.54,5.74,,,,,,,,,,,,
12.83,11.68,9.82,9.95,9.91,12.53,12.42,,,,,,,,,,,,
7.08,6.80,7.27,6.76,7.21,7.17,6.83,,,,,,,,,,,,
7.64,8.70,7.01,6.50,6.12,7.25,5.88,,,,,,,,,,,,
11.81,9.61,9.47,8.27,10.29,11.65,8.09,,,,,,,,,,,,
9.68,9.01,7.76,7.20,6.04,8.47,6.94,,,,,,,,,,,,
9.53,9.30,7.60,8.04,8.95,9.64,8.15,,,,,,,,,,,,
10.36,10.29,9.40,8.19,6.61,10.35,7.58,,,,,,,,,,,,
8.94,9.21,7.10,6.67,7.85,9.72,7.00,,,,,,,,,,,,
8.52,8.60,7.70,7.12,6.57,8.61,6.36,,,,,,,,,,,,
10.88,10.62,8.48,7.51,6.99,10.06,7.29,,,,,,,,,,,,
10.44,11.65,9.00,9.63,9.33,10.05,7.69,,,,,,,,,,,,
8.31,9.53,9.47,7.02,9.75,9.88,8.11,,,,,,,,,,,,
9.78,8.96,9.59,7.71,7.60,10.12,9.51,,,,,,,,,,,,
6.98,7.14,5.97,5.92,4.22,7.11,5.01,,,,,,,,,,,,
9.22,9.24,7.51,8.60,7.45,9.36,8.50,,,,,,,,,,,,
8.79,8.78,7.10,6.76,6.19,8.80,8.26,,,,,,,,,,,,
10.01,10.01,7.66,7.10,7.46,11.06,7.16,,,,,,,,,,,,
10.28,9.20,7.71,7.86,7.16,9.73,7.49,,,,,,,,,,,,
8.34,8.59,6.20,6.79,6.82,8.75,6.96,,,,,,,,,,,,
9.79,8.84,8.65,7.35,8.75,11.41,9.38,,,,,,,,,,,,
10.62,9.58,8.91,8.56,7.41,8.60,7.94,,,,,,,,,,,,
9.62,10.31,8.02,8.65,7.82,10.33,7.97,,,,,,,,,,,,
7.43,8.42,7.64,7.79,7.84,8.38,5.36,,,,,,,,,,,,
8.90,10.35,7.02,7.64,8.77,10.13,8.33,,,,,,,,,,,,
8.61,7.25,7.44,6.51,6.73,9.26,6.96,,,,,,,,,,,,
9.99,8.51,8.50,7.06,7.39,7.58,6.65,,,,,,,,,,,,
9.23,8.86,7.41,7.87,6.48,8.42,6.57,,,,,,,,,,,,
9.44,8.40,6.92,6.57,8.00,7.27,5.88,,,,,,,,,,,,
11.27,10.39,9.94,8.38,9.36,8.91,8.95,,,,,,,,,,,,
8.52,9.23,6.86,7.08,6.67,8.77,6.17,,,,,,,,,,,,
9.71,10.12,7.35,7.57,6.14,7.27,5.96,,,,,,,,,,,,
8.41,9.03,8.37,7.78,6.75,10.26,7.48,,,,,,,,,,,,
10.53,10.82,7.11,7.50,7.28,10.20,7.04,,,,,,,,,,,,
8.50,9.46,6.66,7.50,6.25,10.96,8.73,,,,,,,,,,,,
7.64,7.37,6.03,6.78,6.34,7.07,6.04,,,,,,,,,,,,
9.15,9.24,7.93,8.07,7.06,9.28,7.33,,,,,,,,,,,,
9.48,7.97,7.11,7.07,6.62,8.02,5.81,,,,,,,,,,,,
10.72,8.44,10.36,10.50,11.07,11.33,10.22,,,,,,,,,,,,
9.23,7.72,6.98,6.97,6.60,8.33,6.53,,,,,,,,,,,,
8.31,8.40,7.75,7.45,7.76,9.03,8.66,,,,,,,,,,,,
8.38,8.81,7.45,7.19,5.83,9.34,5.73,,,,,,,,,,,,
8.18,9.38,7.27,8.09,7.45,9.08,7.49,,,,,,,,,,,,
9.58,8.20,6.70,7.54,7.40,8.88,7.32,,,,,,,,,,,,
11.81,11.89,6.66,8.72,9.27,11.71,7.69,,,,,,,,,,,,
8.89,8.73,7.29,7.75,7.11,10.05,8.86,,,,,,,,,,,,
6.85,7.35,8.14,6.43,9.02,10.65,8.03,,,,,,,,,,,,
8.42,8.55,8.31,7.10,6.26,8.39,6.62,,,,,,,,,,,,
10.15,8.93,8.15,6.86,7.14,9.37,6.96,,,,,,,,,,,,
10.27,7.96,7.96,7.57,5.99,9.09,6.03,,,,,,,,,,,,
11.90,11.13,10.61,9.56,9.11,11.58,10.25,,,,,,,,,,,,
9.11,9.00,7.58,7.77,6.01,10.15,7.34,,,,,,,,,,,,
12.92,15.01,10.17,11.98,13.10,14.78,14.64,,,,,,,,,,,,
8.68,10.28,7.69,7.55,7.28,8.40,8.33,,,,,,,,,,,,
8.23,8.13,6.78,7.20,6.28,9.20,7.63,,,,,,,,,,,,
8.38,7.74,6.29,7.09,5.42,7.94,7.44,,,,,,,,,,,,
7.52,8.45,8.83,7.12,7.01,10.38,7.68,,,,,,,,,,,,
10.73,10.27,8.01,7.84,8.73,12.18,9.88,,,,,,,,,,,,
8.16,7.34,6.46,7.06,6.32,7.10,7.07,,,,,,,,,,,,
9.46,9.54,8.39,7.97,8.03,10.57,8.66,,,,,,,,,,,,
10.60,7.52,9.53,7.77,7.64,9.52,7.44,,,,,,,,,,,,
10.09,10.11,8.27,9.18,11.07,11.62,9.57,,,,,,,,,,,,
12.32,10.55,9.43,10.69,11.51,10.55,8.89,,,,,,,,,,,,
10.72,10.34,8.46,7.55,7.89,10.88,7.22,,,,,,,,,,,,
8.73,9.30,6.97,7.76,6.86,10.38,8.51,,,,,,,,,,,,
8.80,8.60,6.88,6.95,6.45,9.72,6.52,,,,,,,,,,,,
11.68,11.04,8.84,9.02,8.81,11.59,8.19,,,,,,,,,,,,
8.37,8.84,6.04,7.33,6.73,8.80,5.26,,,,,,,,,,,,
8.35,7.72,6.33,5.55,5.15,7.94,5.67,,,,,,,,,,,,
10.16,11.50,8.99,7.79,7.20,11.37,8.11,,,,,,,,,,,,
9.99,11.16,8.08,8.28,9.03,11.37,6.73,,,,,,,,,,,,
9.87,6.79,7.22,8.33,8.39,9.04,8.01,,,,,,,,,,,,
7.83,7.65,6.77,7.22,5.72,7.75,7.04,,,,,,,,,,,,
11.81,12.07,11.50,11.52,11.61,11.55,12.53,,,,,,,,,,,,
9.10,9.32,6.81,7.91,6.78,6.68,6.91,,,,,,,,,,,,
8.81,8.91,6.58,6.96,6.88,9.05,7.21,,,,,,,,,,,,
10.29,10.15,6.82,7.96,6.25,9.16,5.94,,,,,,,,,,,,
8.97,9.29,7.66,8.43,7.16,8.16,8.14,,,,,,,,,,,,
11.02,9.29,7.17,7.60,6.00,9.14,7.36,,,,,,,,,,,,
9.79,10.25,6.60,7.77,6.06,9.68,8.82,,,,,,,,,,,,
8.10,5.74,6.40,6.21,9.63,7.84,8.88,,,,,,,,,,,,
9.59,9.46,7.40,7.71,6.05,7.94,6.68,,,,,,,,,,,,
11.20,8.21,7.62,7.30,7.28,9.64,8.91,,,,,,,,,,,,
7.20,7.37,6.99,6.93,7.50,6.23,6.95,,,,,,,,,,,,
9.24,7.89,7.58,8.06,9.60,7.83,8.81,,,,,,,,,,,,
5.45,5.60,5.03,4.43,5.42,5.24,4.47,,,,,,,,,,,,
6.36,6.86,5.54,6.99,5.60,8.48,5.23,,,,,,,,,,,,
9.34,7.97,6.00,6.91,6.24,7.34,5.82,,,,,,,,,,,,
10.71,7.95,8.21,8.34,7.97,7.12,6.76,,,,,,,,,,,,
4.24,6.68,5.88,6.53,6.52,6.08,6.92,,,,,,,,,,,,
8.74,9.26,8.42,7.69,7.44,9.21,7.96,,,,,,,,,,,,
7.14,6.83,5.92,4.79,6.74,6.61,5.94,,,,,,,,,,,,
9.08,7.82,5.85,5.93,4.02,6.40,5.85,,,,,,,,,,,,
7.26,6.23,5.02,5.67,5.59,6.93,6.18,,,,,,,,,,,,
5.75,5.41,5.54,4.52,7.34,7.48,4.83,,,,,,,,,,,,
7.47,11.54,8.78,5.91,8.17,6.15,2.70,,,,,,,,,,,,
10.07,9.22,7.13,6.56,4.83,10.21,5.96,,,,,,,,,,,,
10.60,10.91,7.37,8.27,7.57,10.11,5.37,,,,,,,,,,,,
10.73,12.27,8.85,8.73,8.20,11.25,9.21,,,,,,,,,,,,
9.04,9.81,7.04,7.16,6.34,7.70,5.56,,,,,,,,,,,,
12.07,11.58,9.45,8.59,8.77,11.15,8.32,,,,,,,,,,,,
10.44,7.74,7.47,6.66,7.24,8.87,4.66,,,,,,,,,,,,
9.49,9.71,9.32,7.62,6.97,8.69,7.47,,,,,,,,,,,,
8.08,8.13,6.54,6.78,6.96,7.91,6.65,,,,,,,,,,,,
8.09,7.26,6.01,6.24,5.57,7.06,4.86,,,,,,,,,,,,
10.00,8.56,6.66,7.20,7.22,6.82,7.10,,,,,,,,,,,,
9.50,8.43,7.88,7.87,7.91,9.02,8.07,,,,,,,,,,,,
11.51,8.83,8.09,7.89,5.49,8.51,7.78,,,,,,,,,,,,
12.49,10.98,8.36,9.28,10.53,10.28,7.92,,,,,,,,,,,,
8.60,6.03,4.28,5.20,5.52,4.98,5.30,,,,,,,,,,,,
10.48,11.19,8.15,7.93,11.19,10.68,8.73,,,,,,,,,,,,
9.74,9.38,7.67,7.68,6.25,7.68,7.06,,,,,,,,,,,,
7.38,7.77,6.56,5.59,5.11,6.04,5.46,,,,,,,,,,,,
11.25,10.85,10.49,9.29,10.72,10.83,10.12,,,,,,,,,,,,
8.21,7.58,7.56,7.20,4.90,6.09,3.14,,,,,,,,,,,,
8.24,8.35,6.10,6.09,5.55,5.55,5.22,,,,,,,,,,,,
8.70,8.51,6.42,7.59,5.88,9.57,6.97,,,,,,,,,,,,
11.01,11.36,9.23,8.92,7.22,7.50,8.94,,,,,,,,,,,,
8.20,8.14,6.84,6.26,5.72,8.10,4.67,,,,,,,,,,,,
12.73,9.39,7.12,7.91,9.77,9.62,7.53,,,,,,,,,,,,
8.74,8.13,5.15,5.32,5.54,6.91,5.64,,,,,,,,,,,,
7.79,7.27,6.59,6.17,7.40,6.67,4.77,,,,,,,,,,,,
10.77,10.42,9.19,9.24,8.90,9.75,10.20,,,,,,,,,,,,
9.47,9.30,7.26,7.59,6.53,9.59,7.17,,,,,,,,,,,,
13.32,10.63,9.12,8.54,8.10,11.18,7.01,,,,,,,,,,,,
6.12,6.18,5.46,5.30,4.94,5.92,4.54,,,,,,,,,,,,
6.59,6.96,5.16,7.01,4.67,5.47,6.39,,,,,,,,,,,,
8.82,8.58,8.10,7.64,7.56,6.64,5.97,,,,,,,,,,,,
9.57,10.27,7.26,7.31,6.18,8.91,6.83,,,,,,,,,,,,
6.42,7.27,5.69,6.41,5.42,7.07,4.48,,,,,,,,,,,,
7.37,9.09,6.36,6.66,5.96,6.98,7.09,,,,,,,,,,,,
9.47,8.79,6.73,7.02,6.98,8.60,5.60,,,,,,,,,,,,
5.51,6.02,6.14,5.96,5.50,8.64,4.62,,,,,,,,,,,,
8.73,8.04,6.75,6.37,5.04,7.58,4.47,,,,,,,,,,,,
11.53,11.04,8.40,8.48,8.38,8.83,7.34,,,,,,,,,,,,
5.48,7.52,5.27,4.29,4.04,5.24,6.35,,,,,,,,,,,,
11.01,9.83,8.11,8.33,9.49,10.18,10.81,,,,,,,,,,,,
10.17,8.14,7.45,7.59,6.14,8.91,5.48,,,,,,,,,,,,
7.90,8.52,7.35,6.30,5.71,8.41,7.21,,,,,,,,,,,,
7.32,8.92,6.84,7.25,7.33,7.79,4.42,,,,,,,,,,,,
12.93,12.17,11.17,9.05,9.21,9.01,8.09,,,,,,,,,,,,
7.79,8.17,6.24,7.01,7.32,6.82,6.99,,,,,,,,,,,,
6.98,7.38,4.91,6.22,5.69,5.35,5.57,,,,,,,,,,,,
9.39,8.01,7.11,6.91,5.23,6.53,6.93,,,,,,,,,,,,
5.02,7.20,4.96,6.15,6.89,5.20,5.46,,,,,,,,,,,,
9.78,7.06,6.30,5.26,5.31,8.43,5.77,,,,,,,,,,,,
6.48,7.20,5.53,6.38,7.42,5.14,5.06,,,,,,,,,,,,
12.27,9.63,9.49,9.08,9.81,9.98,10.14,,,,,,,,,,,,
8.53,8.03,6.88,7.44,6.48,8.05,7.11,,,,,,,,,,,,
9.30,6.57,6.47,5.72,6.39,8.29,5.06,,,,,,,,,,,,
8.20,8.94,7.47,7.35,6.73,7.88,6.24,,,,,,,,,,,,
11.05,9.31,7.80,7.55,7.29,8.56,6.94,,,,,,,,,,,,
7.43,8.39,6.36,7.00,7.76,7.68,7.78,,,,,,,,,,,,
10.23,8.96,6.50,7.10,5.89,6.76,5.73,,,,,,,,,,,,
7.51,7.24,7.28,7.77,5.66,7.78,5.51,,,,,,,,,,,,
10.72,9.37,6.68,7.83,6.62,7.39,5.22,,,,,,,,,,,,
5.44,5.49,4.44,4.42,4.44,5.02,4.15,,,,,,,,,,,,
9.83,9.64,8.81,8.54,7.22,7.80,7.87,,,,,,,,,,,,
9.99,8.49,8.93,8.01,7.20,7.26,8.67,,,,,,,,,,,,
11.07,11.56,7.80,7.52,7.72,11.47,8.04,,,,,,,,,,,,
10.01,8.14,6.54,6.60,6.52,7.93,5.47,,,,,,,,,,,,
4.44,6.43,4.63,5.17,3.50,4.47,3.34,,,,,,,,,,,,
9.42,8.88,6.59,8.07,9.11,9.66,6.32,,,,,,,,,,,,
9.30,9.57,7.04,7.94,6.71,10.64,6.59,,,,,,,,,,,,
10.29,9.73,7.38,7.68,6.51,6.91,7.13,,,,,,,,,,,,
11.84,10.98,6.98,7.80,8.35,9.33,7.03,,,,,,,,,,,,
9.75,9.58,7.39,7.39,7.88,8.52,6.89,,,,,,,,,,,,
9.66,8.13,7.18,7.18,8.50,9.09,5.89,,,,,,,,,,,,
10.43,10.40,8.48,7.94,9.10,8.64,9.11,,,,,,,,,,,,
10.09,10.97,7.14,8.84,6.83,6.26,6.80,,,,,,,,,,,,
7.12,6.90,5.92,5.31,5.51,7.78,4.68,,,,,,,,,,,,
11.03,10.84,8.28,8.67,10.20,9.34,7.70,,,,,,,,,,,,
9.70,8.89,6.53,7.17,6.48,8.28,6.88,,,,,,,,,,,,
7.72,9.44,6.73,6.47,6.66,7.85,8.77,,,,,,,,,,,,
9.72,9.07,7.61,7.33,7.51,7.56,7.69,,,,,,,,,,,,
8.71,7.66,7.53,6.80,5.39,8.39,7.63,,,,,,,,,,,,
6.60,8.06,5.75,5.71,5.33,8.66,5.82,,,,,,,,,,,,
11.94,11.55,9.19,9.41,9.53,10.50,8.52,,,,,,,,,,,,
6.08,5.93,5.24,4.28,4.39,5.47,3.28,,,,,,,,,,,,
9.00,11.05,9.90,8.51,9.44,7.33,6.99,,,,,,,,,,,,
6.37,6.33,6.54,6.23,5.37,7.19,5.05,,,,,,,,,,,,
11.74,9.07,7.79,7.51,6.73,10.50,7.31,,,,,,,,,,,,
9.71,10.04,8.81,8.64,9.41,10.58,8.14,,,,,,,,,,,,
8.75,7.04,9.12,7.86,10.20,6.63,8.07,,,,,,,,,,,,
8.15,8.50,5.72,6.22,6.35,6.13,5.35,,,,,,,,,,,,
6.49,6.88,4.73,5.45,4.66,8.42,4.09,,,,,,,,,,,,
8.93,8.68,6.75,6.67,7.30,7.84,6.67,,,,,,,,,,,,
9.89,12.08,8.17,10.04,10.72,9.60,10.53,,,,,,,,,,,,
9.33,8.42,6.37,6.77,5.58,7.98,6.80,,,,,,,,,,,,
11.00,13.20,8.65,9.99,9.52,10.43,10.41,,,,,,,,,,,,
10.77,8.94,7.32,8.05,8.30,9.83,7.63,,,,,,,,,,,,
7.52,7.99,6.76,6.33,5.90,6.29,6.12,,,,,,,,,,,,
8.19,6.06,5.31,6.35,6.22,6.28,5.77,,,,,,,,,,,,
8.82,9.62,7.89,7.70,6.57,8.31,6.36,,,,,,,,,,,,
12.93,12.40,9.86,9.77,7.89,11.77,6.10,,,,,,,,,,,,
8.71,7.92,6.39,7.18,7.18,8.34,5.72,,,,,,,,,,,,
5.30,6.10,5.18,5.23,3.65,5.31,4.25,,,,,,,,,,,,
8.35,7.78,6.20,5.99,6.19,9.04,5.88,,,,,,,,,,,,
7.72,5.80,5.23,6.46,4.71,8.79,3.74,,,,,,,,,,,,
7.78,7.93,6.86,7.06,8.39,8.39,6.34,,,,,,,,,,,,
9.22,8.88,7.38,7.45,8.00,8.26,6.63,,,,,,,,,,,,
8.87,8.84,6.46,7.22,7.31,7.11,6.75,,,,,,,,,,,,
7.75,6.28,5.31,5.17,5.05,6.69,4.80,,,,,,,,,,,,
11.18,10.79,7.59,7.74,5.07,9.96,7.36,,,,,,,,,,,,
7.49,8.14,6.44,7.27,5.80,7.49,4.99,,,,,,,,,,,,
8.86,8.02,6.52,6.05,5.39,6.64,6.44,,,,,,,,,,,,
9.27,7.00,5.44,6.19,4.97,8.50,5.71,,,,,,,,,,,,
8.53,8.14,6.19,7.16,7.22,7.20,5.75,,,,,,,,,,,,
10.08,8.86,7.11,6.57,6.54,8.40,7.87,,,,,,,,,,,,
9.50,6.56,5.66,5.94,4.72,8.62,6.48,,,,,,,,,,,,
6.33,7.13,5.46,5.20,4.88,5.65,4.53,,,,,,,,,,,,
8.61,8.68,7.93,7.29,6.05,8.89,5.61,,,,,,,,,,,,
7.47,7.19,7.52,7.36,7.12,6.48,4.89,,,,,,,,,,,,
12.43,7.11,9.08,5.56,5.78,5.00,5.50,,,,,,,,,,,,
8.00,10.90,8.63,8.81,8.05,9.17,7.77,,,,,,,,,,,,
9.35,8.21,7.48,6.01,4.93,8.96,5.67,,,,,,,,,,,,
9.94,9.50,7.23,7.69,7.65,7.41,5.96,,,,,,,,,,,,
11.44,9.16,9.47,7.93,9.72,9.21,8.72,,,,,,,,,,,,
7.48,6.96,5.43,5.72,6.60,6.57,4.75,,,,,,,,,,,,
11.38,11.39,9.63,8.87,9.25,11.37,10.25,,,,,,,,,,,,
7.34,7.46,6.65,5.82,7.49,7.61,4.81,,,,,,,,,,,,
11.25,12.34,8.53,8.68,9.29,10.85,9.53,,,,,,,,,,,,
8.33,8.03,5.77,5.92,7.98,7.96,4.49,,,,,,,,,,,,
7.35,11.10,7.22,7.42,9.02,9.14,9.17,,,,,,,,,,,,
9.54,11.87,8.41,8.54,9.30,11.42,7.33,,,,,,,,,,,,
10.78,12.72,9.67,9.45,10.67,10.74,11.56,,,,,,,,,,,,
12.69,10.86,8.15,8.83,10.55,11.84,9.20,,,,,,,,,,,,
8.66,8.63,7.61,8.27,8.34,7.50,6.99,,,,,,,,,,,,
7.49,13.24,7.58,12.27,4.67,11.50,1.50,,,,,,,,,,,,
8.54,9.46,7.28,6.93,6.78,8.36,6.65,,,,,,,,,,,,
12.29,12.81,10.12,10.24,10.64,11.59,12.64,,,,,,,,,,,,
13.77,13.79,9.81,11.15,13.48,9.19,12.66,,,,,,,,,,,,
9.64,10.16,8.17,9.11,9.21,10.45,10.53,,,,,,,,,,,,
9.00,8.75,7.26,6.65,7.29,8.75,9.02,,,,,,,,,,,,
7.20,7.08,7.34,5.80,6.20,5.48,5.82,,,,,,,,,,,,
6.82,7.46,5.39,4.97,5.43,5.38,4.17,,,,,,,,,,,,
7.65,7.58,6.75,5.77,6.50,5.94,5.14,,,,,,,,,,,,
6.61,7.66,5.86,6.85,6.51,7.03,4.87,,,,,,,,,,,,
5.43,5.55,5.67,5.35,5.41,5.43,4.75,,,,,,,,,,,,
8.20,7.59,6.25,6.27,7.31,6.86,7.39,,,,,,,,,,,,
4.04,5.08,4.16,4.23,5.09,3.93,4.49,,,,,,,,,,,,
6.29,6.97,5.43,5.88,8.33,6.70,5.95,,,,,,,,,,,,
6.15,7.44,5.13,5.52,6.22,5.79,5.63,,,,,,,,,,,,
9.40,9.74,7.70,7.16,8.12,8.86,7.67,,,,,,,,,,,,
6.36,6.29,5.41,4.68,5.04,7.07,5.52,,,,,,,,,,,,
6.29,5.92,5.09,5.31,6.55,5.20,5.28,,,,,,,,,,,,
5.38,6.47,4.84,5.49,6.70,5.18,4.92,,,,,,,,,,,,
4.64,5.58,4.72,5.28,5.21,5.18,4.75,,,,,,,,,,,,
4.91,6.00,4.52,4.59,5.82,6.14,5.19,,,,,,,,,,,,
8.90,8.02,6.46,5.59,6.35,6.70,5.74,,,,,,,,,,,,
5.78,5.68,4.20,4.60,4.82,5.61,4.86,,,,,,,,,,,,
5.25,7.50,5.09,6.01,6.59,5.32,6.53,,,,,,,,,,,,
6.03,6.53,5.16,5.87,6.96,5.45,4.78,,,,,,,,,,,,
5.70,7.05,5.17,5.17,5.23,5.25,4.58,,,,,,,,,,,,
7.97,8.14,7.05,5.79,6.60,7.97,6.60,,,,,,,,,,,,
8.10,6.51,7.31,6.24,7.82,7.37,8.16,,,,,,,,,,,,
8.07,8.19,6.91,7.89,6.95,7.49,6.85,,,,,,,,,,,,
9.22,8.69,6.72,6.54,6.79,8.09,6.71,,,,,,,,,,,,
8.02,7.48,4.43,5.93,5.12,5.17,7.10,,,,,,,,,,,,
9.95,7.10,5.64,6.26,5.70,6.70,5.56,,,,,,,,,,,,
5.14,7.13,4.98,5.65,5.49,5.39,5.29,,,,,,,,,,,,
10.97,9.28,6.70,6.96,7.00,7.32,4.93,,,,,,,,,,,,
6.25,7.95,5.09,4.91,5.89,4.49,5.20,,,,,,,,,,,,
8.34,7.81,7.02,6.72,6.34,7.15,7.05,,,,,,,,,,,,
5.53,5.95,4.35,4.53,5.85,4.80,4.57,,,,,,,,,,,,
6.23,6.67,5.29,4.52,4.15,7.19,5.87,,,,,,,,,,,,
4.51,5.32,3.87,3.48,4.32,3.10,5.01,,,,,,,,,,,,
8.91,7.85,7.32,7.65,8.96,6.59,6.97,,,,,,,,,,,,
9.75,8.25,6.51,5.97,6.77,9.59,8.51,,,,,,,,,,,,
6.42,6.35,4.57,4.81,4.20,4.79,4.51,,,,,,,,,,,,
6.69,7.15,4.56,5.19,5.42,6.10,5.37,,,,,,,,,,,,
7.30,7.53,6.68,6.23,6.80,5.83,5.75,,,,,,,,,,,,
4.23,5.76,4.25,4.29,5.63,3.91,3.70,,,,,,,,,,,,
6.21,6.05,4.42,5.66,6.27,6.40,4.67,,,,,,,,,,,,
6.27,6.36,5.05,5.35,6.25,5.01,4.55,,,,,,,,,,,,
7.69,7.41,6.80,6.95,7.91,6.12,6.23,,,,,,,,,,,,
4.64,5.09,4.41,4.00,3.92,5.68,5.47,,,,,,,,,,,,
6.33,6.62,4.80,4.83,7.08,6.13,4.62,,,,,,,,,,,,
5.83,6.80,4.64,5.93,5.96,5.43,5.75,,,,,,,,,,,,
7.40,6.89,5.50,4.92,6.09,6.67,5.68,,,,,,,,,,,,
8.53,7.96,6.99,6.87,7.72,7.35,8.32,,,,,,,,,,,,
8.30,6.65,5.41,5.62,6.58,5.17,4.98,,,,,,,,,,,,
5.36,5.92,4.09,4.02,4.62,5.47,5.32,,,,,,,,,,,,
5.24,5.61,4.17,3.88,4.57,5.08,4.68,,,,,,,,,,,,
7.01,7.60,5.55,6.31,4.44,5.22,5.64,,,,,,,,,,,,
7.52,5.28,4.99,4.18,5.06,5.07,3.81,,,,,,,,,,,,
4.98,5.08,4.51,4.40,5.45,4.69,4.76,,,,,,,,,,,,
7.11,5.87,4.81,4.41,4.69,4.29,3.84,,,,,,,,,,,,
9.13,7.24,6.49,5.62,7.70,6.09,5.57,,,,,,,,,,,,
7.18,5.89,4.31,6.02,3.89,4.71,4.81,,,,,,,,,,,,
4.62,4.28,3.96,4.24,3.62,4.17,3.79,,,,,,,,,,,,
6.19,7.28,4.79,4.99,5.67,6.87,7.04,,,,,,,,,,,,
9.88,7.76,7.69,6.62,7.97,7.61,6.79,,,,,,,,,,,,
4.29,6.90,4.45,4.80,3.71,4.91,5.31,,,,,,,,,,,,
7.48,8.66,5.89,6.01,5.04,4.71,7.31,,,,,,,,,,,,
7.28,6.99,4.27,5.34,5.00,4.72,3.76,,,,,,,,,,,,
5.99,5.75,4.09,4.76,6.20,4.57,4.46,,,,,,,,,,,,
9.12,8.28,6.60,6.95,7.42,7.74,7.15,,,,,,,,,,,,
9.25,7.78,6.17,5.94,8.45,8.34,6.97,,,,,,,,,,,,
7.86,8.76,6.66,6.19,5.87,5.97,5.00,,,,,,,,,,,,
6.33,5.10,5.21,5.30,5.23,4.32,5.73,,,,,,,,,,,,
8.49,8.46,6.24,6.09,7.32,8.37,7.88,,,,,,,,,,,,
10.42,8.02,5.32,5.46,4.33,5.90,5.51,,,,,,,,,,,,
8.31,7.46,7.14,6.90,6.85,6.47,7.15,,,,,,,,,,,,
8.52,7.54,6.41,6.07,5.07,4.96,5.39,,,,,,,,,,,,
7.38,8.22,6.83,6.37,5.99,7.69,6.81,,,,,,,,,,,,
6.39,7.23,5.27,5.57,4.09,5.23,5.02,,,,,,,,,,,,
6.42,6.79,4.55,5.64,5.49,5.06,4.63,,,,,,,,,,,,
6.31,6.79,4.78,4.63,5.08,5.00,5.64,,,,,,,,,,,,
7.21,5.91,3.37,4.38,4.16,5.30,4.00,,,,,,,,,,,,
6.90,6.14,4.62,4.88,6.52,6.01,4.88,,,,,,,,,,,,
6.59,7.14,4.52,5.27,5.86,5.75,6.35,,,,,,,,,,,,
6.95,7.97,6.57,6.49,7.34,6.07,6.00,,,,,,,,,,,,
9.33,7.57,6.63,6.52,8.24,7.94,6.68,,,,,,,,,,,,
6.17,6.92,4.84,5.31,5.05,5.47,5.07,,,,,,,,,,,,
7.43,6.35,5.74,5.84,6.11,5.87,3.88,,,,,,,,,,,,
7.36,8.31,6.23,7.24,8.34,7.30,6.00,,,,,,,,,,,,
4.56,5.46,4.26,4.89,3.90,4.54,5.06,,,,,,,,,,,,
6.07,5.63,4.87,5.67,4.67,6.90,6.00,,,,,,,,,,,,
8.59,8.40,7.21,6.85,5.91,6.61,6.33,,,,,,,,,,,,
7.13,7.62,6.47,5.36,5.87,7.38,6.91,,,,,,,,,,,,
7.88,7.96,5.89,5.73,5.36,6.23,5.57,,,,,,,,,,,,
5.95,5.47,5.11,4.21,5.05,5.30,3.80,,,,,,,,,,,,
5.95,5.94,4.36,4.92,4.01,5.27,4.52,,,,,,,,,,,,
8.68,8.52,6.25,6.23,7.58,7.83,7.63,,,,,,,,,,,,
3.62,8.38,9.64,5.30,3.71,2.81,3.10,,,,,,,,,,,,
10.41,9.89,7.53,7.41,9.05,8.88,9.19,,,,,,,,,,,,
7.64,7.58,6.36,6.52,5.22,6.27,5.20,,,,,,,,,,,,
5.04,4.22,3.23,4.22,4.84,3.49,4.75,,,,,,,,,,,,
6.12,6.14,4.03,4.41,5.27,4.50,5.52,,,,,,,,,,,,
3.84,4.49,3.67,4.11,5.33,3.68,2.86,,,,,,,,,,,,
7.08,6.58,4.72,5.38,6.35,5.91,5.75,,,,,,,,,,,,
8.59,8.68,7.25,6.69,6.81,8.22,6.19,,,,,,,,,,,,
5.01,5.28,5.68,5.08,3.18,3.43,3.84,,,,,,,,,,,,
4.38,5.56,4.76,4.77,4.23,3.86,4.19,,,,,,,,,,,,
4.72,4.77,5.41,4.25,4.67,3.22,3.86,,,,,,,,,,,,
4.46,4.77,4.19,4.34,4.99,3.45,3.78,,,,,,,,,,,,
4.54,4.61,3.89,3.54,2.97,3.54,3.76,,,,,,,,,,,,
2.69,4.12,3.30,3.54,3.86,2.96,2.78,,,,,,,,,,,,
5.94,7.20,5.53,6.23,6.13,4.77,5.81,,,,,,,,,,,,
4.81,6.13,5.87,5.54,5.83,4.12,5.36,,,,,,,,,,,,
2.59,3.51,3.01,4.11,3.51,2.96,2.86,,,,,,,,,,,,
4.14,4.95,3.29,3.78,4.52,3.39,3.48,,,,,,,,,,,,
4.17,3.78,2.61,2.76,2.67,2.81,2.79,,,,,,,,,,,,
3.48,3.83,3.38,3.81,5.14,2.94,2.70,,,,,,,,,,,,
2.30,3.65,2.81,4.07,3.16,2.94,2.43,,,,,,,,,,,,
2.33,3.08,2.68,2.89,2.80,2.72,2.52,,,,,,,,,,,,
4.51,5.16,4.82,5.00,4.11,4.14,3.20,,,,,,,,,,,,
3.07,3.78,2.53,3.14,3.34,2.44,2.86,,,,,,,,,,,,
2.20,3.79,2.51,2.40,2.00,3.03,2.59,,,,,,,,,,,,
4.97,3.94,4.22,4.33,5.41,2.95,3.36,,,,,,,,,,,,
3.39,4.81,3.63,3.52,4.18,3.75,3.05,,,,,,,,,,,,
3.51,4.17,2.66,3.09,2.96,2.27,3.17,,,,,,,,,,,,
4.67,5.68,4.81,4.79,4.37,3.99,4.06,,,,,,,,,,,,
4.77,4.42,6.38,5.32,5.77,3.74,3.42,,,,,,,,,,,,
4.45,6.04,3.62,4.65,3.57,3.48,3.76,,,,,,,,,,,,
5.42,5.94,5.31,5.03,5.10,3.98,4.27,,,,,,,,,,,,
3.92,5.27,4.13,4.65,4.65,4.20,4.01,,,,,,,,,,,,
5.34,6.07,5.21,5.77,5.16,4.05,5.37,,,,,,,,,,,,
3.83,4.88,3.30,4.26,4.20,4.14,3.69,,,,,,,,,,,,
6.69,7.21,5.95,6.94,6.91,4.87,6.56,,,,,,,,,,,,
4.58,4.55,3.40,4.56,4.73,3.66,3.78,,,,,,,,,,,,
5.21,5.31,3.14,5.12,3.47,3.62,3.07,,,,,,,,,,,,
4.18,4.73,4.10,4.17,3.76,3.42,3.86,,,,,,,,,,,,
4.18,4.18,3.44,4.18,2.98,3.28,2.85,,,,,,,,,,,,
4.83,5.46,4.05,4.51,3.06,3.85,3.67,,,,,,,,,,,,
3.70,4.55,3.73,4.15,5.18,3.52,3.87,,,,,,,,,,,,
3.81,5.02,3.81,4.38,4.40,3.57,3.98,,,,,,,,,,,,
4.33,3.82,2.89,3.81,4.35,2.87,3.07,,,,,,,,,,,,
4.87,4.72,4.32,4.79,4.74,3.42,3.69,,,,,,,,,,,,
5.02,5.96,4.90,5.44,4.17,4.29,4.56,,,,,,,,,,,,
5.56,6.74,3.94,5.01,4.82,4.56,4.27,,,,,,,,,,,,
4.93,6.08,4.83,5.69,5.34,4.01,4.39,,,,,,,,,,,,
4.23,4.32,3.09,4.41,3.46,3.53,4.04,,,,,,,,,,,,
4.45,5.15,3.86,4.94,3.61,3.53,3.87,,,,,,,,,,,,
4.43,4.03,2.91,3.36,3.50,3.36,3.56,,,,,,,,,,,,
5.52,5.93,4.66,4.97,4.74,5.20,4.02,,,,,,,,,,,,
4.77,4.14,3.81,4.17,5.33,3.29,4.33,,,,,,,,,,,,
4.56,5.39,4.15,5.11,5.18,4.40,4.07,,,,,,,,,,,,
3.92,4.86,3.85,4.26,3.52,3.89,3.61,,,,,,,,,,,,
4.43,5.33,3.62,5.32,5.49,3.91,4.01,,,,,,,,,,,,
5.79,6.35,5.83,5.86,6.50,4.88,4.84,,,,,,,,,,,,
3.51,5.03,3.72,5.26,4.37,3.00,4.91,,,,,,,,,,,,
4.63,5.03,3.87,4.73,4.25,3.10,3.93,,,,,,,,,,,,
4.58,4.94,4.58,5.33,5.01,3.95,3.71,,,,,,,,,,,,
4.40,5.46,3.99,4.54,3.99,4.03,3.35,,,,,,,,,,,,
4.98,4.36,3.98,4.26,3.94,3.62,3.82,,,,,,,,,,,,
3.24,3.59,2.48,3.18,3.48,3.54,2.65,,,,,,,,,,,,
5.25,4.96,4.39,5.27,4.95,3.61,2.96,,,,,,,,,,,,
2.96,3.91,2.21,3.89,2.62,2.74,3.12,,,,,,,,,,,,
4.06,4.30,3.10,4.56,4.45,3.73,3.26,,,,,,,,,,,,
6.77,6.01,6.02,5.30,6.58,6.33,5.69,,,,,,,,,,,,
2.40,3.06,2.67,3.04,3.43,2.04,2.43,,,,,,,,,,,,
3.48,4.10,2.51,4.29,4.31,3.37,2.08,,,,,,,,,,,,
3.64,4.93,3.40,4.75,4.30,3.27,3.78,,,,,,,,,,,,
5.06,5.91,4.24,4.55,5.46,4.15,3.35,,,,,,,,,,,,
5.15,4.82,4.13,4.55,3.81,4.57,4.11,,,,,,,,,,,,
3.58,4.20,3.28,3.91,6.24,3.37,2.56,,,,,,,,,,,,
5.50,5.10,3.97,4.82,3.63,4.16,3.82,,,,,,,,,,,,
5.18,4.16,3.58,4.24,3.64,3.53,3.46,,,,,,,,,,,,
3.37,3.43,3.01,2.33,2.77,3.28,3.84,,,,,,,,,,,,
3.57,3.98,4.08,3.81,4.15,4.00,4.02,,,,,,,,,,,,
3.41,4.29,2.95,3.42,4.68,3.70,3.52,,,,,,,,,,,,
5.79,6.19,5.17,5.64,5.38,5.28,5.99,,,,,,,,,,,,
3.45,3.97,2.94,3.96,3.38,3.09,2.98,,,,,,,,,,,,
4.02,4.27,2.73,4.57,3.61,3.66,3.28,,,,,,,,,,,,
4.53,5.61,4.37,4.98,4.48,4.08,3.47,,,,,,,,,,,,
4.41,4.51,3.54,4.82,4.64,4.23,3.46,,,,,,,,,,,,
4.61,4.99,3.09,4.11,5.38,3.16,3.11,,,,,,,,,,,,
5.54,5.86,5.05,5.60,5.79,4.17,4.53,,,,,,,,,,,,
4.55,5.01,3.55,4.73,4.19,2.94,3.63,,,,,,,,,,,,
3.83,4.68,3.04,4.30,4.69,3.06,2.59,,,,,,,,,,,,
5.87,5.73,5.01,5.64,5.22,3.85,4.79,,,,,,,,,,,,
3.63,4.63,3.16,3.89,2.23,3.19,3.79,,,,,,,,,,,,
5.24,5.68,4.91,4.96,4.66,4.71,4.33,,,,,,,,,,,,
4.33,4.29,3.60,3.99,4.07,3.11,2.57,,,,,,,,,,,,
7.28,5.97,6.47,6.06,5.93,5.11,5.43,,,,,,,,,,,,
5.06,5.55,5.41,5.56,4.49,5.02,4.75,,,,,,,,,,,,
3.66,4.41,2.85,3.29,3.87,2.85,3.03,,,,,,,,,,,,
4.07,5.02,4.24,4.52,3.62,4.95,4.42,,,,,,,,,,,,
5.62,5.25,4.70,4.93,3.88,4.66,4.05,,,,,,,,,,,,
4.02,5.32,3.85,5.67,4.30,3.55,4.03,,,,,,,,,,,,
3.73,4.36,3.83,4.16,3.30,3.53,4.25,,,,,,,,,,,,
4.34,5.10,4.62,5.08,3.48,4.20,3.44,,,,,,,,,,,,
4.01,5.01,4.20,4.87,3.64,3.81,3.70,,,,,,,,,,,,
5.47,5.38,5.19,5.48,4.59,4.46,4.09,,,,,,,,,,,,
4.14,4.62,3.49,4.06,3.30,3.25,3.32,,,,,,,,,,,,
5.64,4.93,3.93,4.95,6.11,5.74,4.61,,,,,,,,,,,,
4.75,4.42,4.23,4.88,3.88,4.79,4.26,,,,,,,,,,,,
4.30,6.56,4.72,5.20,4.81,6.76,3.77,,,,,,,,,,,,
6.96,5.82,5.97,5.75,5.01,5.44,5.28,,,,,,,,,,,,
5.00,4.55,4.32,4.27,2.82,4.47,2.78,,,,,,,,,,,,
6.02,5.24,4.30,5.43,3.39,4.06,3.32,,,,,,,,,,,,
4.28,4.89,4.41,5.54,4.44,3.24,4.02,,,,,,,,,,,,
4.84,5.02,4.65,5.08,6.12,3.81,3.54,,,,,,,,,,,,
7.22,7.03,6.64,7.08,6.42,4.92,5.63,,,,,,,,,,,,
3.86,6.35,4.95,5.26,3.97,4.00,5.37,,,,,,,,,,,,
4.73,3.82,3.24,2.82,3.31,3.43,3.06,,,,,,,,,,,,
7.99,6.78,6.46,6.02,6.23,6.84,5.59,,,,,,,,,,,,
4.09,4.97,3.91,4.58,3.73,3.64,3.09,,,,,,,,,,,,
5.10,5.43,4.61,4.19,3.44,4.34,3.69,,,,,,,,,,,,
4.85,5.92,5.25,5.27,4.89,4.14,4.18,,,,,,,,,,,,
6.34,6.38,6.19,5.35,5.81,4.63,4.63,,,,,,,,,,,,
4.49,4.12,3.07,3.47,3.30,3.02,3.18,,,,,,,,,,,,
6.47,6.98,5.63,5.99,4.84,5.63,4.81,,,,,,,,,,,,
5.49,5.42,6.04,5.49,3.69,4.51,4.19,,,,,,,,,,,,
8.74,6.39,6.69,6.58,6.15,4.99,5.96,,,,,,,,,,,,
3.34,4.21,3.21,3.51,3.64,3.05,3.67,,,,,,,,,,,,
7.58,7.86,6.13,5.73,6.01,5.57,4.64,,,,,,,,,,,,
4.37,5.22,3.74,4.29,3.03,3.95,4.38,,,,,,,,,,,,
4.50,5.10,4.12,4.53,6.07,4.62,4.32,,,,,,,,,,,,
3.65,4.88,4.26,5.19,5.71,4.28,4.09,,,,,,,,,,,,
4.11,4.50,3.89,5.36,3.18,4.04,3.38,,,,,,,,,,,,
4.65,4.81,3.84,4.99,3.73,4.60,4.41,,,,,,,,,,,,
5.55,5.78,4.66,5.82,4.39,4.19,4.10,,,,,,,,,,,,
6.40,6.31,5.84,5.51,5.59,6.23,5.81,,,,,,,,,,,,
5.58,6.68,5.11,4.97,4.16,4.32,4.92,,,,,,,,,,,,
3.88,4.76,3.51,3.77,3.88,2.84,2.71,,,,,,,,,,,,
5.08,5.21,4.43,5.11,3.93,4.70,4.62,,,,,,,,,,,,
5.54,5.89,4.85,5.85,5.19,4.34,5.17,,,,,,,,,,,,
5.30,5.34,4.41,4.83,4.83,3.99,3.79,,,,,,,,,,,,
6.45,6.31,6.61,5.95,5.75,4.40,5.20,,,,,,,,,,,,
4.01,4.42,3.86,4.48,3.81,3.62,3.50,,,,,,,,,,,,
7.44,7.69,6.31,6.64,5.55,6.45,6.27,,,,,,,,,,,,
6.52,8.18,6.75,6.83,4.41,8.70,7.11,,,,,,,,,,,,
6.00,6.16,5.91,5.74,5.75,4.80,3.99,,,,,,,,,,,,
5.67,5.81,4.17,4.35,3.73,4.27,3.53,,,,,,,,,,,,
5.46,4.82,5.31,5.86,5.47,3.67,5.36,,,,,,,,,,,,
6.02,6.31,5.19,6.04,6.68,5.00,4.79,,,,,,,,,,,,
5.98,5.80,5.36,4.70,4.98,4.68,3.93,,,,,,,,,,,,
3.62,4.24,3.24,5.01,3.27,3.36,4.77,,,,,,,,,,,,
3.56,5.07,3.80,5.51,3.92,3.73,3.96,,,,,,,,,,,,
4.19,4.42,4.23,4.23,5.00,4.59,3.88,,,,,,,,,,,,
8.99,7.90,6.76,5.47,3.57,6.05,7.88,,,,,,,,,,,,
4.01,4.92,3.64,4.17,3.05,3.82,3.15,,,,,,,,,,,,
6.13,5.88,5.70,6.61,5.17,5.13,5.43,,,,,,,,,,,,
5.58,5.65,5.02,5.66,5.07,3.86,4.11,,,,,,,,,,,,
6.91,7.29,6.80,6.62,8.86,5.41,9.39,,,,,,,,,,,,
5.76,6.25,5.33,6.00,5.68,5.82,5.00,,,,,,,,,,,,
4.50,5.33,3.56,4.16,3.16,4.95,3.62,,,,,,,,,,,,
5.26,6.30,4.50,5.31,4.46,4.16,4.10,,,,,,,,,,,,
5.63,6.56,4.58,5.28,5.72,5.13,5.28,,,,,,,,,,,,
6.14,7.33,5.55,6.04,7.14,6.69,5.18,,,,,,,,,,,,
3.79,4.56,3.68,3.87,4.38,4.17,3.52,,,,,,,,,,,,
4.01,4.17,3.29,3.80,2.26,4.05,3.88,,,,,,,,,,,,
5.66,5.26,5.45,5.63,4.50,5.32,5.64,,,,,,,,,,,,
5.69,4.45,4.52,5.41,3.34,5.14,3.52,,,,,,,,,,,,
5.51,4.69,4.18,4.06,3.33,4.40,3.92,,,,,,,,,,,,
4.77,5.64,4.24,4.88,4.49,3.59,3.59,,,,,,,,,,,,
3.89,4.20,3.14,4.46,3.95,2.92,3.70,,,,,,,,,,,,
4.20,4.53,3.82,4.28,4.43,3.94,2.62,,,,,,,,,,,,
7.87,7.79,6.83,7.29,6.49,6.49,6.84,,,,,,,,,,,,
8.14,7.83,6.35,6.48,6.18,6.36,5.65,,,,,,,,,,,,
7.62,6.98,5.48,6.37,5.55,5.88,6.35,,,,,,,,,,,,
6.82,7.27,5.65,6.41,4.76,5.51,5.63,,,,,,,,,,,,
3.25,4.63,3.80,3.61,2.68,4.04,3.09,,,,,,,,,,,,
5.28,5.40,5.44,5.38,5.66,5.49,6.25,,,,,,,,,,,,
3.58,4.22,3.22,4.15,4.81,3.70,4.31,,,,,,,,,,,,
5.75,5.81,4.75,5.41,5.06,5.55,4.74,,,,,,,,,,,,
4.92,4.43,4.13,4.75,4.50,3.80,2.71,,,,,,,,,,,,
3.65,4.78,4.00,4.56,2.88,4.66,3.70,,,,,,,,,,,,
2.85,3.27,3.17,3.97,2.81,2.69,2.89,,,,,,,,,,,,
6.32,6.47,5.86,5.61,5.59,4.86,4.64,,,,,,,,,,,,
5.64,7.17,4.52,5.89,4.60,4.69,4.92,,,,,,,,,,,,
4.23,4.74,4.39,4.71,3.95,5.42,4.14,,,,,,,,,,,,
5.87,6.07,6.20,6.02,7.29,5.49,6.04,,,,,,,,,,,,
7.37,6.11,6.61,6.33,6.78,5.26,6.34,,,,,,,,,,,,
3.48,4.49,3.60,4.03,3.32,3.23,4.02,,,,,,,,,,,,
4.34,3.38,7.30,4.89,6.88,3.40,4.97,,,,,,,,,,,,
